"Visitor arrivals by country of citizenship and visa type (Monthly)","","","","","","","","","","","","","","","","","","","","","","","","","","","","","","","","","","","","","","","","","","","","","","","","","","","","","","","","","","","","","","","","","","","","","",""
"","New Zealand","","","","","","","Australia","","","","","","","China, People's Republic of","","","","","","","Japan","","","","","","","Korea, Republic of","","","","","","","Germany","","","","","","","United Kingdom","","","","","","","Canada","","","","","","","United States of America","","","","","","","TOTAL ALL CITIZENSHIPS","","","","","",""
" ","Residence","Student","Visitor","Work","New Zealand and Australian citizens","Other","TOTAL","Residence","Student","Visitor","Work","New Zealand and Australian citizens","Other","TOTAL","Residence","Student","Visitor","Work","New Zealand and Australian citizens","Other","TOTAL","Residence","Student","Visitor","Work","New Zealand and Australian citizens","Other","TOTAL","Residence","Student","Visitor","Work","New Zealand and Australian citizens","Other","TOTAL","Residence","Student","Visitor","Work","New Zealand and Australian citizens","Other","TOTAL","Residence","Student","Visitor","Work","New Zealand and Australian citizens","Other","TOTAL","Residence","Student","Visitor","Work","New Zealand and Australian citizens","Other","TOTAL","Residence","Student","Visitor","Work","New Zealand and Australian citizens","Other","TOTAL","Residence","Student","Visitor","Work","New Zealand and Australian citizens","Other","TOTAL"
"2003M07",0,0,0,0,19404,0,19404,0,0,0,0,38970,0,38970,378,792,2286,72,0,72,3600,18,306,8586,594,0,0,9504,108,630,11844,270,0,18,12870,108,306,1854,90,0,18,2376,846,72,13104,630,0,18,14670,36,36,1728,36,0,0,1836,216,468,14022,126,0,18,14850,3888,3888,76356,2412,58374,648,145566
"2003M08",0,0,0,0,17459,0,17459,0,0,0,0,40222,0,40222,306,595,3196,68,0,68,4233,51,102,11407,340,0,0,11900,68,102,7548,153,0,0,7871,51,17,1955,221,0,0,2244,748,0,12920,544,0,17,14229,85,0,1241,68,0,0,1394,221,17,10030,51,0,51,10370,3196,1105,70346,2057,57681,765,135150
"2003M09",0,0,0,0,18352,0,18352,0,0,0,0,48608,0,48608,400,464,4912,64,0,64,5904,48,144,10400,416,0,0,11008,112,32,7760,128,0,0,8032,128,48,2272,224,0,0,2672,1184,32,11696,656,0,16,13584,48,16,1888,144,0,0,2096,128,224,9104,144,0,96,9696,3472,1216,73008,2800,66960,672,148128
"2003M10",0,0,0,0,18943,0,18943,0,0,0,0,40052,0,40052,247,266,5738,133,0,114,6498,95,57,11799,380,0,0,12331,95,152,9120,171,0,0,9538,114,57,4655,266,0,0,5092,722,19,16625,665,0,19,18050,19,0,2660,76,0,19,2774,133,0,15181,323,0,133,15770,3249,950,98534,2907,58995,969,165604
"2003M11",0,0,0,0,20197,0,20197,0,0,0,0,42256,0,42256,228,228,6707,76,0,76,7315,95,114,17651,608,0,19,18487,114,76,13927,152,0,19,14288,152,38,7847,76,0,0,8113,912,57,25479,855,0,0,27303,57,0,4807,114,0,0,4978,95,95,20235,266,0,114,20805,3477,798,140467,3496,62453,1007,211698
"2003M12",0,0,0,0,56804,0,56804,0,0,0,0,59906,0,59906,374,176,9196,176,0,132,10054,66,44,16324,550,0,22,17006,176,44,11726,242,0,0,12188,110,22,7788,66,0,22,8008,1452,0,38588,638,0,44,40722,110,0,5984,66,0,0,6160,220,88,24948,66,0,132,25454,5258,506,170302,2750,116710,1386,296912
"2004M01",0,0,0,0,23850,0,23850,0,0,0,0,48800,0,48800,725,775,7375,275,0,250,9400,75,625,13800,550,0,25,15075,50,475,18850,350,0,0,19725,100,275,7825,75,0,0,8275,875,25,37575,1050,0,0,39525,50,150,6050,50,0,0,6300,225,175,24550,350,0,175,25475,4275,3625,158625,3750,72650,1050,243975
"2004M02",0,0,0,0,26040,0,26040,0,0,0,0,50715,0,50715,273,1260,5712,105,0,21,7371,63,294,16107,693,0,21,17178,63,147,11109,189,0,0,11508,126,189,10059,42,0,0,10416,1218,84,40362,735,0,42,42441,105,84,5586,168,0,21,5964,147,1008,21147,504,0,0,22806,3150,4011,149814,3339,76755,714,237783
"2004M03",0,0,0,0,24654,0,24654,0,0,0,0,54075,0,54075,273,336,5880,231,0,168,6888,42,126,16569,441,0,0,17178,0,21,8694,168,0,0,8883,84,42,6195,168,0,21,6510,1428,0,27069,756,0,21,29274,84,0,4893,84,0,0,5061,210,42,22302,273,0,42,22869,4053,840,124341,2835,78729,945,211743
"2004M04",0,0,0,0,26229,0,26229,0,0,0,0,55440,0,55440,336,231,6174,126,0,126,6993,63,378,11487,546,0,21,12495,147,294,6993,168,0,0,7602,105,42,2583,168,0,0,2898,1218,21,19173,441,0,21,20874,42,42,2709,84,0,0,2877,189,105,14553,147,0,21,15015,4284,1491,93660,2604,81669,840,184548
"2004M05",0,0,0,0,19062,0,19062,0,0,0,0,35370,0,35370,270,90,5454,252,0,72,6138,18,36,11448,522,0,0,12024,18,54,7146,54,0,0,7272,18,36,1476,90,0,0,1620,738,18,10584,612,0,18,11970,54,0,1800,198,0,0,2052,144,72,10422,324,0,36,10998,2862,576,70614,3546,54432,720,132750
"2004M06",0,0,0,0,20096,0,20096,0,0,0,0,39520,0,39520,224,144,4384,176,0,80,5008,80,80,7408,496,0,0,8064,96,48,6736,96,0,0,6976,48,48,1168,96,0,16,1376,832,16,10480,816,0,16,12160,32,0,1552,128,0,16,1728,96,256,14320,304,0,32,15008,3088,832,67072,2896,59616,768,134272
"2004M07",0,0,0,0,21500,0,21500,0,0,0,0,54600,0,54600,340,700,5220,160,0,100,6520,100,380,10240,440,0,0,11160,80,300,10360,120,0,0,10860,80,400,1700,200,0,0,2380,920,20,14320,460,0,0,15720,20,40,2260,60,0,0,2380,300,480,14620,120,0,0,15520,3680,3480,85160,2360,76100,840,171620
"2004M08",0,0,0,0,18568,0,18568,0,0,0,0,48554,0,48554,418,330,4994,220,0,44,6006,44,110,13904,374,0,0,14432,88,66,7172,242,0,22,7590,132,66,1914,374,0,0,2486,902,22,12672,462,0,0,14058,44,0,1936,88,0,0,2068,176,88,11594,242,0,0,12100,3454,990,75416,2706,67122,550,150238
"2004M09",0,0,0,0,21920,0,21920,0,0,0,0,59080,0,59080,480,100,5640,220,0,20,6460,40,180,10480,540,0,20,11260,160,100,6860,240,0,0,7360,80,60,2320,320,0,0,2780,1100,0,10860,680,0,0,12640,20,0,1820,140,0,0,1980,120,280,9480,260,0,40,10180,3480,980,70480,3240,81000,480,159660
"2004M10",0,0,0,0,20811,0,20811,0,0,0,0,46641,0,46641,189,189,6720,189,0,63,7350,84,105,11613,420,0,0,12222,63,21,9261,231,0,0,9576,105,84,5250,294,0,0,5733,1071,0,17850,861,0,21,19803,21,0,2919,126,0,0,3066,147,21,16737,294,0,42,17241,3381,777,103194,3633,67452,819,179256
"2004M11",0,0,0,0,21168,0,21168,0,0,0,0,44205,0,44205,252,147,9429,273,0,42,10143,0,105,19656,651,0,0,20412,63,42,12096,210,0,42,12453,168,0,8043,210,0,42,8463,1281,0,25851,882,0,21,28035,21,21,4389,252,0,0,4683,168,147,21315,210,0,126,21966,3780,609,144039,4137,65373,945,218883
"2004M12",0,0,0,0,61675,0,61675,0,0,0,0,71225,0,71225,275,75,9725,250,0,100,10425,50,75,14500,350,0,0,14975,75,0,10300,175,0,0,10550,150,50,7550,150,0,0,7900,1375,25,39850,675,0,0,41925,50,25,5375,125,0,0,5575,300,100,23950,150,0,25,24525,5125,450,166775,3100,132900,1075,309425
"2005M01",0,0,0,0,24940,0,24940,0,0,0,0,53273,0,53273,348,435,5800,377,0,29,6989,174,899,14877,551,0,0,16501,174,377,16878,174,0,29,17632,87,261,8671,261,0,0,9280,1392,58,38454,1044,0,29,40977,116,174,5684,261,0,0,6235,203,232,22156,580,0,261,23432,4147,3480,155498,4582,78213,754,246674
"2005M02",0,0,0,0,25454,0,25454,0,0,0,0,52008,0,52008,484,594,8624,198,0,110,10010,66,352,15158,308,0,0,15884,110,242,11044,220,0,0,11616,132,176,9394,330,0,44,10076,1606,66,42372,660,0,66,44770,66,44,6336,176,0,0,6622,132,1144,23452,550,0,132,25410,4466,3476,157212,3740,77462,1034,247390
"2005M03",0,0,0,0,30900,0,30900,0,0,0,0,60600,0,60600,225,225,4575,225,0,125,5375,25,25,14750,325,0,0,15125,50,100,8675,200,0,0,9025,150,0,7125,175,0,25,7475,1500,0,32450,625,0,75,34650,100,0,4900,25,0,0,5025,250,50,22350,450,0,25,23125,4250,550,131925,3300,91500,1150,232675
"2005M04",0,0,0,0,23568,0,23568,0,0,0,0,50136,0,50136,408,120,6120,264,0,120,7032,120,192,11664,408,0,0,12384,72,120,7512,168,0,0,7872,216,0,2400,288,0,0,2904,1056,24,16008,768,0,0,17856,24,0,2568,168,0,0,2760,96,360,13920,288,0,24,14688,4080,1224,90192,3192,73704,888,173280
"2005M05",0,0,0,0,18373,0,18373,0,0,0,0,37430,0,37430,228,95,4598,76,0,38,5035,57,152,9728,380,0,0,10317,95,76,7182,114,0,0,7467,76,0,1710,76,0,19,1881,893,0,11305,646,0,0,12844,95,0,1748,152,0,0,1995,38,57,11438,285,0,38,11856,2869,722,70756,3382,55803,703,134235
"2005M06",0,0,0,0,22895,0,22895,0,0,0,0,41363,0,41363,247,171,4047,152,0,114,4731,57,95,9025,418,0,0,9595,114,95,6973,133,0,19,7334,133,95,1216,133,0,0,1577,1102,38,24662,627,0,19,26448,57,0,1349,76,0,0,1482,209,285,13509,304,0,19,14326,3876,969,83239,3059,64258,760,156161
"2005M07",0,0,0,0,21192,0,21192,0,0,0,0,49488,0,49488,456,600,5208,240,0,96,6600,96,240,9936,480,0,0,10752,24,192,9840,144,0,0,10200,48,552,2016,120,0,0,2736,1080,0,18096,312,0,0,19488,48,96,2232,24,0,0,2400,192,576,13056,240,0,0,14064,3960,3456,85848,2568,70680,456,166968
"2005M08",0,0,0,0,19110,0,19110,0,0,0,0,49203,0,49203,273,189,5859,441,0,42,6804,21,105,12180,315,0,0,12621,42,147,7980,231,0,21,8421,189,63,1974,378,0,0,2604,756,21,12411,504,0,0,13692,21,21,1932,63,0,0,2037,84,84,10626,231,0,63,11088,3024,966,74088,3087,68313,525,150003
"2005M09",0,0,0,0,23034,0,23034,0,0,0,0,63030,0,63030,308,132,5280,264,0,132,6116,44,154,8998,374,0,0,9570,110,44,6248,220,0,0,6622,220,22,2508,396,0,0,3146,1562,0,10472,572,0,22,12628,110,22,2002,88,0,0,2222,154,176,9306,418,0,0,10054,4268,968,67298,3454,86064,704,162756
"2005M10",0,0,0,0,22149,0,22149,0,0,0,0,45862,0,45862,115,0,6233,230,0,115,6693,46,92,11385,621,0,0,12144,115,115,8878,207,0,23,9338,115,46,4692,759,0,0,5612,1196,0,17986,943,0,0,20125,23,69,3013,184,0,0,3289,184,46,14766,391,0,46,15433,3174,805,98279,4692,68011,644,175605
"2005M11",0,0,0,0,21850,0,21850,0,0,0,0,45816,0,45816,92,92,10971,299,0,115,11569,92,0,16583,253,0,0,16928,115,46,10304,230,0,23,10718,92,23,7452,529,0,23,8119,1702,0,25461,851,0,23,28037,46,0,4623,253,0,0,4922,115,92,20125,437,0,115,20884,4094,414,135815,5060,67666,1058,214107
"2005M12",0,0,0,0,63275,0,63275,0,0,0,0,69325,0,69325,200,100,10600,300,0,125,11325,300,50,13050,625,0,0,14025,175,25,10900,75,0,0,11175,325,50,7750,75,0,50,8250,1525,0,38200,575,0,50,40350,100,25,5050,100,0,25,5300,175,125,22375,150,0,100,22925,5150,475,162725,3525,132600,1200,305675
"2006M01",0,0,0,0,25454,0,25454,0,0,0,0,55432,0,55432,598,182,6890,390,0,182,8242,52,520,14456,416,0,0,15444,130,286,12974,182,0,0,13572,130,416,8554,338,0,0,9438,1248,52,39390,1222,0,52,41964,0,182,6058,312,0,0,6552,182,182,22620,468,0,182,23634,4264,2366,155038,4966,80886,1040,248560
"2006M02",0,0,0,0,27808,0,27808,0,0,0,0,52646,0,52646,176,770,7414,374,0,66,8800,110,374,14542,352,0,0,15378,88,462,9724,220,0,0,10494,44,440,9284,396,0,0,10164,1452,66,43164,1100,0,0,45782,154,88,6644,154,0,0,7040,66,858,27412,242,0,88,28666,3696,4532,157608,4136,80454,748,251174
"2006M03",0,0,0,0,27508,0,27508,0,0,0,0,56902,0,56902,92,161,6854,253,0,69,7429,115,161,14168,345,0,0,14789,46,23,9384,115,0,0,9568,92,69,6693,184,0,0,7038,1472,0,28382,920,0,46,30820,92,0,5543,138,0,0,5773,276,0,24058,299,0,69,24702,3933,713,130019,3864,84410,828,223767
"2006M04",0,0,0,0,28072,0,28072,0,0,0,0,55990,0,55990,374,110,9064,330,0,154,10032,110,396,8250,308,0,22,9086,44,110,7986,176,0,44,8360,132,0,2926,176,0,0,3234,1188,0,19206,726,0,22,21142,0,22,2970,110,0,0,3102,330,286,15730,418,0,0,16764,4026,1232,96448,3674,84062,1056,190498
"2006M05",0,0,0,0,19601,0,19601,0,0,0,0,38998,0,38998,255,102,7565,221,0,68,8211,0,136,7446,323,0,0,7905,51,85,6307,119,0,51,6613,85,34,1360,272,0,0,1751,1071,34,9775,595,0,0,11475,51,0,1632,204,0,17,1904,221,34,10013,391,0,34,10693,3145,646,67830,3876,58599,884,134980
"2006M06",0,0,0,0,21384,0,21384,0,0,0,0,42804,0,42804,234,126,4626,288,0,36,5310,126,90,6930,324,0,0,7470,36,36,7758,180,0,0,8010,36,36,1386,126,0,0,1584,882,0,8748,720,0,18,10368,18,36,1458,288,0,18,1818,144,504,14400,306,0,18,15372,2772,1062,67230,3438,64188,576,139266
"2006M07",0,0,0,0,21744,0,21744,0,0,0,0,49824,0,49824,240,408,6336,264,0,72,7320,120,144,9456,384,0,24,10128,144,360,9840,312,0,24,10680,120,576,2064,312,0,0,3072,1032,24,13632,456,0,0,15144,24,72,2520,120,0,0,2736,168,624,15000,168,0,48,16008,3216,3744,84480,2760,71568,768,166536
"2006M08",0,0,0,0,21630,0,21630,0,0,0,0,50757,0,50757,336,105,7056,273,0,42,7812,84,105,10458,189,0,42,10878,84,42,7203,294,0,21,7644,189,168,1953,483,0,0,2793,1176,42,11718,420,0,42,13398,63,21,1680,231,0,0,1995,231,84,10311,252,0,42,10920,4011,924,73752,3402,72387,756,155232
"2006M09",0,0,0,0,23247,0,23247,0,0,0,0,62160,0,62160,336,84,7434,315,0,42,8211,21,126,7161,273,0,21,7602,210,147,8253,252,0,0,8862,126,147,2142,819,0,21,3255,1386,0,10164,798,0,42,12390,21,0,1932,210,0,0,2163,189,231,9198,336,0,42,9996,4095,1134,70728,4347,85407,672,166383
"2006M10",0,0,0,0,22792,0,22792,0,0,0,0,52866,0,52866,220,198,7722,242,0,66,8448,44,110,8646,286,0,22,9108,88,110,10384,198,0,22,10802,110,44,4774,704,0,0,5632,1232,0,18656,924,0,0,20812,66,22,3256,308,0,44,3696,88,110,15752,484,0,110,16544,3388,1034,100628,4686,75658,616,186010
"2006M11",0,0,0,0,23848,0,23848,0,0,0,0,49588,0,49588,176,132,13112,396,0,22,13838,44,66,16192,484,0,0,16786,88,0,10582,484,0,22,11176,22,44,7634,572,0,22,8294,1100,0,27126,968,0,0,29194,22,0,4972,374,0,0,5368,110,154,20196,506,0,132,21098,3608,748,143748,6380,73436,946,228866
"2006M12",0,0,0,0,65208,0,65208,0,0,0,0,72566,0,72566,442,104,11362,416,0,52,12376,104,0,11622,208,0,0,11934,156,52,11596,260,0,0,12064,390,104,8320,364,0,26,9204,1430,26,40014,468,0,26,41964,26,52,5668,234,0,26,6006,468,0,22958,312,0,130,23868,5616,598,168948,3796,137774,884,317616
"2007M01",0,0,0,0,27188,0,27188,0,0,0,0,52472,0,52472,280,252,8820,392,0,56,9800,84,504,11648,476,0,28,12740,112,364,14364,336,0,0,15176,84,224,7868,392,0,0,8568,1148,84,41524,1400,0,28,44184,56,84,6412,308,0,0,6860,168,252,21028,560,0,168,22176,3556,2352,154140,5348,79660,812,245868
"2007M02",0,0,0,0,30659,0,30659,0,0,0,0,54464,0,54464,529,552,12512,667,0,92,14352,69,529,12650,230,0,0,13478,69,276,8717,230,0,0,9292,138,391,9384,368,0,0,10281,1610,69,45678,598,0,0,47955,46,138,7245,184,0,0,7613,138,1311,26473,299,0,46,28267,4554,4991,166336,4508,85123,575,266087
"2007M03",0,0,0,0,28888,0,28888,0,0,0,0,62951,0,62951,414,253,8096,207,0,92,9062,23,92,12673,253,0,23,13064,46,161,9913,207,0,0,10327,207,23,5865,483,0,23,6601,1150,23,31395,552,0,23,33143,92,0,5543,161,0,46,5842,207,23,22655,414,0,23,23322,4071,1081,135838,4600,91839,897,238326
"2007M04",0,0,0,0,27899,0,27899,0,0,0,0,55062,0,55062,276,46,10097,437,0,69,10925,23,230,7383,414,0,0,8050,69,161,8924,69,0,46,9269,69,46,2967,345,0,0,3427,1150,0,18377,805,0,23,20355,23,46,3036,184,0,0,3289,253,184,16606,391,0,23,17457,3703,1334,99682,4140,82961,851,192671
"2007M05",0,0,0,0,21852,0,21852,0,0,0,0,39564,0,39564,324,90,7128,288,0,72,7902,18,72,6048,216,0,18,6372,54,90,6354,198,0,18,6714,144,36,1620,198,0,0,1998,1008,18,10080,594,0,36,11736,54,0,1782,90,0,36,1962,234,18,10746,360,0,72,11430,3438,666,69570,4248,61416,792,140130
"2007M06",0,0,0,0,23712,0,23712,0,0,0,0,44365,0,44365,228,76,6061,228,0,57,6650,38,133,6840,342,0,0,7353,133,114,7315,190,0,0,7752,95,114,1463,228,0,0,1900,1026,19,8436,760,0,0,10241,19,19,1558,171,0,0,1767,228,361,12749,494,0,0,13832,3078,1235,67982,3914,68077,513,144799
"2007M07",0,0,0,0,22848,0,22848,0,0,0,0,57480,0,57480,432,336,6696,312,0,0,7776,96,360,8472,360,0,0,9288,48,360,8808,288,0,48,9552,144,792,2136,504,0,0,3576,1416,24,12984,576,0,24,15024,72,120,2184,96,0,0,2472,144,576,11928,336,0,0,12984,4272,4152,79680,3552,80328,624,172608
"2007M08",0,0,0,0,22902,0,22902,0,0,0,0,59246,0,59246,198,154,7964,528,0,132,8976,44,44,9812,132,0,0,10032,88,44,5962,132,0,22,6248,44,88,2002,506,0,0,2640,880,0,11990,682,0,22,13574,110,0,1826,110,0,0,2046,132,176,9438,418,0,44,10208,3168,968,73480,3828,82148,704,164296
"2007M09",0,0,0,0,23368,0,23368,0,0,0,0,63802,0,63802,414,138,7544,253,0,69,8418,46,138,8004,345,0,0,8533,69,115,6601,230,0,0,7015,46,92,2576,713,0,0,3427,1265,23,10166,828,0,23,12305,115,0,1932,92,0,0,2139,184,92,9177,391,0,0,9844,4002,874,71208,4002,87170,575,167831
"2007M10",0,0,0,0,22793,0,22793,0,0,0,0,51865,0,51865,161,69,8763,483,0,69,9545,92,138,7360,253,0,0,7843,23,115,7337,207,0,0,7682,115,138,4094,805,0,0,5152,1311,23,17089,828,0,23,19274,69,0,3105,115,0,0,3289,161,46,15065,529,0,23,15824,3749,989,93426,5819,74658,667,179308
"2007M11",0,0,0,0,25872,0,25872,0,0,0,0,53640,0,53640,192,192,13176,480,0,0,14040,48,24,14760,552,0,0,15384,120,120,9000,120,0,0,9360,240,72,7560,408,0,0,8280,1272,0,25392,744,0,24,27432,0,0,5112,312,0,0,5424,288,144,20112,504,0,96,21144,4224,888,136872,5568,79512,720,227784
"2007M12",0,0,0,0,67122,0,67122,0,0,0,0,76032,0,76032,486,27,12339,459,0,81,13392,135,27,10395,351,0,0,10908,108,27,7992,216,0,54,8397,216,162,8613,189,0,0,9180,1539,0,36450,810,0,0,38799,81,0,6291,162,0,0,6534,459,81,21195,459,0,54,22248,5670,594,160569,4293,143154,1296,315576
"2008M01",0,0,0,0,29406,0,29406,0,0,0,0,56753,0,56753,377,348,9570,232,0,145,10672,87,667,9512,522,0,0,10788,58,319,10933,261,0,0,11571,58,493,8207,638,0,0,9396,1508,58,38889,1392,0,29,41876,116,29,7569,232,0,29,7975,232,145,23925,754,0,145,25201,4379,3045,151641,6090,86159,928,252242
"2008M02",0,0,0,0,33787,0,33787,0,0,0,0,59731,0,59731,483,345,13133,598,0,115,14674,207,460,10695,437,0,0,11799,184,322,7153,115,0,0,7774,184,552,9683,460,0,0,10879,1587,46,46897,759,0,46,49335,92,138,9062,69,0,0,9361,299,943,28428,529,0,23,30222,4761,4462,170039,4485,93518,1748,279013
"2008M03",0,0,0,0,35100,0,35100,0,0,0,0,66500,0,66500,250,325,9550,500,0,100,10725,50,50,11250,275,0,0,11625,100,175,6900,75,0,0,7250,200,0,6550,450,0,0,7200,1500,0,32525,825,0,25,34875,75,0,5950,225,0,25,6275,450,25,23575,625,0,0,24675,4600,1175,136325,5000,101600,1600,250300
"2008M04",0,0,0,0,27408,0,27408,0,0,0,0,51696,0,51696,288,192,10608,384,0,48,11520,144,168,6696,360,0,0,7368,120,144,7056,120,0,0,7440,168,72,2616,264,0,0,3120,1248,24,15264,984,0,216,17736,48,0,2856,192,0,0,3096,168,240,13032,408,0,0,13848,3936,1272,87888,4680,79104,2184,179064
"2008M05",0,0,0,0,23400,0,23400,0,0,0,0,39200,0,39200,260,120,7520,300,0,60,8260,80,40,5640,240,0,0,6000,100,120,6080,160,0,0,6460,140,120,1840,260,0,0,2360,1000,60,9340,860,0,0,11260,100,20,1980,220,0,0,2320,240,60,9380,440,0,0,10120,3660,1040,67260,4640,62600,960,140160
"2008M06",0,0,0,0,23522,0,23522,0,0,0,0,45733,0,45733,228,76,4180,285,0,19,4788,57,95,6612,247,0,19,7030,114,38,6061,190,0,0,6403,95,152,1539,304,0,0,2090,874,0,9082,836,0,0,10792,57,0,1653,209,0,0,1919,266,304,11096,418,0,0,12084,3173,1178,63593,4123,69255,741,142063
"2008M07",0,0,0,0,25800,0,25800,0,0,0,0,57504,0,57504,336,504,5352,168,0,72,6432,120,336,7776,528,0,0,8760,168,408,7920,216,0,24,8736,216,792,1824,456,0,0,3288,1464,72,12360,552,0,24,14472,72,72,2832,192,0,0,3168,312,576,12960,216,0,96,14160,4152,4224,79224,3504,83304,576,174984
"2008M08",0,0,0,0,24376,0,24376,0,0,0,0,57706,0,57706,330,176,5808,88,0,66,6468,110,220,8778,132,0,0,9240,66,220,6138,154,0,44,6622,154,66,1870,638,0,0,2728,1496,66,11044,440,0,0,13046,88,0,2024,132,0,44,2288,308,132,8558,176,0,44,9218,4532,1474,69718,3058,82082,748,161612
"2008M09",0,0,0,0,23460,0,23460,0,0,0,0,61617,0,61617,161,161,4531,322,0,161,5336,92,115,6302,138,0,0,6647,115,138,4554,115,0,23,4945,115,69,2438,897,0,0,3519,1127,46,9384,598,0,0,11155,138,0,2001,115,0,0,2254,207,115,8096,345,0,23,8786,3634,989,62192,3864,85077,690,156446
"2008M10",0,0,0,0,26400,0,26400,0,0,0,0,49680,0,49680,216,96,5904,312,0,72,6600,72,120,6528,96,0,0,6816,0,96,5784,144,0,24,6048,216,96,4056,1056,0,0,5424,1296,48,16464,1200,0,0,19008,72,0,3264,216,0,0,3552,216,144,12888,552,0,72,13872,3816,936,86232,5112,76080,960,173136
"2008M11",0,0,0,0,26752,0,26752,0,0,0,0,53702,0,53702,330,110,10582,440,0,88,11550,22,66,7832,286,0,0,8206,88,110,5038,176,0,0,5412,88,66,7612,660,0,0,8426,902,22,23782,924,0,0,25630,88,0,5764,220,0,44,6116,242,66,20108,286,0,44,20746,3586,836,125730,5588,80454,1936,218130
"2008M12",0,0,0,0,73089,0,73089,0,0,0,0,76923,0,76923,324,27,12177,621,0,108,13257,270,0,8289,324,0,0,8883,135,81,4860,108,0,0,5184,189,81,9747,324,0,0,10341,1620,54,34074,540,0,54,36342,189,27,6588,189,0,0,6993,270,135,22437,459,0,108,23409,5616,810,158355,4050,150012,1242,320085
"2009M01",0,0,0,0,30520,0,30520,0,0,0,0,56616,0,56616,616,252,12040,532,0,112,13552,112,728,6608,364,0,28,7840,196,168,6328,84,0,0,6776,56,560,8708,588,0,28,9940,1848,84,35392,1008,0,56,38388,28,28,6664,224,0,0,6944,196,196,20104,532,0,168,21196,5012,3136,140420,5880,87136,1316,242900
"2009M02",0,0,0,0,34753,0,34753,0,0,0,0,59363,0,59363,299,575,10695,598,0,115,12282,46,276,9430,138,0,23,9913,92,414,4991,138,0,0,5635,184,253,9522,460,0,0,10419,1564,69,39330,736,0,92,41791,138,69,6946,253,0,0,7406,161,920,23276,621,0,46,25024,4186,4025,145268,5451,94116,2254,255300
"2009M03",0,0,0,0,33096,0,33096,0,0,0,0,61032,0,61032,288,168,10584,504,0,0,11544,48,96,9936,288,0,0,10368,120,72,5328,24,0,120,5664,144,96,6336,456,0,0,7032,1776,24,24552,888,0,24,27264,144,24,5328,144,0,24,5664,312,24,19512,504,0,72,20424,4344,1128,119928,4008,94128,2136,225672
"2009M04",0,0,0,0,34166,0,34166,0,0,0,0,60742,0,60742,616,176,9482,352,0,66,10692,154,88,5852,198,0,0,6292,154,154,4004,154,0,0,4466,66,132,3498,506,0,22,4224,1386,44,16280,616,0,22,18348,198,44,3058,110,0,0,3410,242,264,13134,396,0,0,14036,5544,1694,88110,3498,94908,1386,195140
"2009M05",0,0,0,0,27036,0,27036,0,0,0,0,44982,0,44982,234,108,4950,198,0,126,5616,72,90,3168,234,0,0,3564,90,36,2790,198,0,0,3114,72,18,1872,306,0,0,2268,1026,0,9018,756,0,18,10818,18,18,2088,162,0,0,2286,90,36,9504,360,0,18,10008,3330,666,59454,4248,72018,1242,140958
"2009M06",0,0,0,0,26874,0,26874,0,0,0,0,47448,0,47448,270,180,1692,234,0,90,2466,18,54,2196,162,0,0,2430,72,108,3150,162,0,18,3510,126,72,1386,450,0,0,2034,1044,18,7470,990,0,18,9540,108,18,1602,108,0,0,1836,162,306,10926,396,0,0,11790,3546,1296,50382,3924,74322,1062,134532
"2009M07",0,0,0,0,28290,0,28290,0,0,0,0,68632,0,68632,391,414,2668,207,0,23,3703,138,253,3657,115,0,0,4163,184,230,4968,207,0,0,5589,161,1012,2116,621,0,23,3933,1426,46,11316,460,0,23,13271,69,92,2576,161,0,0,2898,345,483,11891,299,0,69,13087,4761,4623,65205,3312,96922,713,175536
"2009M08",0,0,0,0,25935,0,25935,0,0,0,0,64491,0,64491,399,210,3969,147,0,42,4767,126,189,5271,126,0,0,5712,126,168,4158,63,0,0,4515,210,21,2142,609,0,21,3003,1806,21,10185,420,0,21,12453,84,0,2121,105,0,0,2310,126,42,9534,294,0,21,10017,4830,1092,60060,3129,90426,756,160293
"2009M09",0,0,0,0,28686,0,28686,0,0,0,0,68943,0,68943,462,294,5544,294,0,63,6657,42,168,5943,126,0,0,6279,126,126,3003,189,0,0,3444,189,126,2205,1176,0,0,3696,1134,63,9408,777,0,0,11382,126,42,1995,273,0,0,2436,189,189,9030,315,0,21,9744,4431,1680,61782,5019,97629,861,171402
"2009M10",0,0,0,0,29808,0,29808,0,0,0,0,60582,0,60582,575,230,6417,391,0,23,7636,69,46,5842,161,0,23,6141,92,299,3818,92,0,46,4347,230,92,4301,1127,0,23,5773,1426,23,15203,782,0,23,17457,115,23,3358,230,0,0,3726,276,23,12489,851,0,0,13639,5152,1265,82570,5750,90390,1127,186254
"2009M11",0,0,0,0,29072,0,29072,0,0,0,0,58328,0,58328,345,230,9959,575,0,23,11132,69,0,7475,299,0,23,7866,69,92,4439,184,0,0,4784,322,115,7682,759,0,0,8878,1725,23,22931,1012,0,0,25691,46,0,4922,230,0,0,5198,184,161,17503,460,0,138,18446,4669,966,119048,5589,87400,2024,219696
"2009M12",0,0,0,0,78462,0,78462,0,0,0,0,84699,0,84699,405,54,9828,405,0,27,10719,243,54,7938,108,0,0,8343,162,81,5805,27,0,54,6129,270,108,10152,459,0,54,11043,2025,27,34587,567,0,0,37206,135,27,6615,216,0,0,6993,270,81,24165,351,0,81,24948,6777,837,163404,4077,163161,1593,339849
"2010M01",0,0,0,0,33205,0,33205,0,0,0,0,65772,0,65772,435,290,8236,348,0,29,9338,87,870,7395,493,0,0,8845,116,348,8642,87,0,0,9193,145,609,9570,609,0,0,10933,1421,58,34626,957,0,87,37149,174,58,6757,348,0,0,7337,116,261,19227,638,0,116,20358,4756,3857,141549,5249,98977,957,255345
"2010M02",0,0,0,0,35975,0,35975,0,0,0,0,63025,0,63025,575,425,14375,825,0,75,16275,150,325,9425,325,0,0,10225,175,325,4875,125,0,0,5500,175,300,9525,400,0,25,10425,1650,100,36950,800,0,25,39525,100,75,6775,150,0,0,7100,325,950,23600,425,0,25,25325,5475,3675,150925,4625,99000,2450,266150
"2010M03",0,0,0,0,36582,0,36582,0,0,0,0,74646,0,74646,468,312,8398,520,0,0,9698,104,104,9880,468,0,0,10556,104,208,7696,130,0,0,8138,130,26,6396,494,0,26,7072,2054,26,23816,780,0,0,26676,234,26,5642,104,0,0,6006,208,26,17446,624,0,0,18304,5538,1508,116402,5096,111228,2054,241826
"2010M04",0,0,0,0,32016,0,32016,0,0,0,0,61872,0,61872,384,144,9480,408,0,24,10440,48,168,4704,288,0,0,5208,192,48,5160,144,0,0,5544,216,144,2976,216,0,0,3552,1368,72,12984,408,0,0,14832,120,24,3216,192,0,0,3552,168,216,11304,432,0,0,12120,4536,1464,82608,4032,93888,792,187320
"2010M05",0,0,0,0,24620,0,24620,0,0,0,0,42840,0,42840,300,80,6980,320,0,20,7700,40,20,5200,300,0,20,5580,120,100,4260,160,0,0,4640,100,60,1740,460,0,0,2360,1020,40,8100,540,0,20,9720,60,20,2180,80,0,0,2340,260,40,10340,400,0,20,11060,3640,700,64160,3900,67460,1000,140860
"2010M06",0,0,0,0,26680,0,26680,0,0,0,0,51640,0,51640,300,200,4980,240,0,100,5820,40,20,5260,100,0,0,5420,40,60,4180,280,0,20,4580,200,120,1420,340,0,0,2080,900,0,6560,860,0,20,8340,100,0,1540,200,0,0,1840,200,260,10020,420,0,20,10920,3700,1240,56920,3900,78320,960,145040
"2010M07",0,0,0,0,28896,0,28896,0,0,0,0,70608,0,70608,384,264,6936,288,0,24,7896,48,264,5904,144,0,0,6360,96,240,6000,96,0,0,6432,120,960,2184,528,0,0,3792,1128,24,9384,576,0,24,11136,72,72,2352,96,0,0,2592,288,600,10584,216,0,24,11712,3984,4488,70296,3504,99504,456,182232
"2010M08",0,0,0,0,26884,0,26884,0,0,0,0,63756,0,63756,330,242,8690,352,0,66,9680,22,154,7678,176,0,22,8052,66,110,4906,88,0,0,5170,176,22,2288,572,0,0,3058,1254,0,7876,528,0,22,9680,88,44,1980,132,0,0,2244,308,22,10010,330,0,22,10692,4290,1298,66770,3828,90640,660,167486
"2010M09",0,0,0,0,28314,0,28314,0,0,0,0,69586,0,69586,484,154,6754,286,0,44,7722,154,132,5258,198,0,0,5742,110,176,4312,198,0,0,4796,88,110,2398,1078,0,0,3674,1320,0,7986,814,0,0,10120,110,0,1738,286,0,0,2134,242,220,8932,528,0,0,9922,4466,1650,63558,4840,97900,660,173074
"2010M10",0,0,0,0,30700,0,30700,0,0,0,0,55025,0,55025,375,125,7625,450,0,100,8675,75,125,5875,250,0,0,6325,100,75,5875,150,0,0,6200,125,100,4800,1100,0,25,6150,1325,0,13225,800,0,0,15350,75,50,3650,275,0,0,4050,150,75,12375,475,0,0,13075,4150,1075,84900,6300,85725,1425,183575
"2010M11",0,0,0,0,28675,0,28675,0,0,0,0,58750,0,58750,450,175,14650,375,0,50,15700,150,100,8200,200,0,25,8675,100,100,6475,100,0,25,6800,100,75,7700,900,0,0,8775,1675,25,20375,700,0,25,22800,25,0,4850,225,0,25,5125,175,125,17175,525,0,25,18025,4975,1025,124375,4900,87425,2400,225100
"2010M12",0,0,0,0,80678,0,80678,0,0,0,0,87551,0,87551,667,29,12383,522,0,0,13601,174,0,7656,87,0,0,7917,203,145,5974,29,0,0,6351,290,87,9570,522,0,0,10469,2001,29,30943,464,0,29,33466,174,0,6235,232,0,0,6641,406,116,22011,493,0,116,23142,7221,725,160283,4205,168229,2088,342751
"2011M01",0,0,0,0,35160,0,35160,0,0,0,0,67890,0,67890,690,300,12210,510,0,30,13740,30,600,8970,390,0,30,10020,150,390,8940,60,0,0,9540,180,750,9090,870,0,30,10920,1410,30,32010,1020,0,0,34470,90,120,6630,210,0,30,7080,390,180,19560,930,0,30,21090,5310,3840,146160,5880,103050,780,265020
"2011M02",0,0,0,0,37300,0,37300,0,0,0,0,62850,0,62850,525,475,16500,550,0,0,18050,175,225,9900,225,0,0,10525,100,350,5350,100,0,0,5900,200,175,9775,725,0,0,10875,1225,25,33775,750,0,0,35775,75,75,7125,125,0,25,7425,275,1100,22450,700,0,75,24600,4600,4300,150500,5050,100150,2900,267500
"2011M03",0,0,0,0,35010,0,35010,0,0,0,0,65160,0,65160,390,210,9060,690,0,0,10350,120,150,6330,180,0,0,6780,60,120,4980,150,0,0,5310,150,120,6030,540,0,0,6840,1320,0,17310,600,0,0,19230,90,60,4710,180,0,30,5070,90,60,17700,630,0,0,18480,4290,1410,101460,5190,100170,2280,214800
"2011M04",0,0,0,0,38328,0,38328,0,0,0,0,66576,0,66576,552,192,9144,384,0,72,10344,168,240,2016,192,0,0,2616,72,144,2664,48,0,0,2928,120,120,3504,288,0,0,4032,1512,0,15120,408,0,48,17088,48,72,2904,72,0,0,3096,312,216,11472,432,0,0,12432,5712,1584,80184,3720,104904,1080,197184
"2011M05",0,0,0,0,26260,0,26260,0,0,0,0,43860,0,43860,200,160,7940,260,0,20,8580,20,80,2400,60,0,0,2560,60,80,2780,240,0,0,3160,40,20,1820,400,0,0,2280,1120,40,6660,660,0,20,8500,40,0,1960,300,0,40,2340,120,140,9120,440,0,20,9840,3400,1120,59820,4500,70120,1320,140280
"2011M06",0,0,0,0,26960,0,26960,0,0,0,0,41860,0,41860,360,120,6180,260,0,40,6960,0,60,4020,180,0,0,4260,60,60,3020,160,0,20,3320,140,40,1660,260,0,40,2140,680,20,5040,740,0,20,6500,120,0,1320,80,0,20,1540,220,280,9100,540,0,0,10140,3360,1280,52700,3700,68820,960,130820
"2011M07",0,0,0,0,30976,0,30976,0,0,0,0,66560,0,66560,608,400,8240,352,0,32,9632,128,192,3952,144,0,16,4432,96,144,5312,96,0,0,5648,144,768,2496,512,0,0,3920,1168,0,7728,560,0,0,9456,64,80,1936,64,0,0,2144,192,448,8864,480,0,16,10000,4304,3872,65776,3424,97536,544,175456
"2011M08",0,0,0,0,32112,0,32112,0,0,0,0,64496,0,64496,464,336,9872,672,0,0,11344,64,160,6432,144,0,0,6800,96,160,3888,96,0,0,4240,192,80,2064,880,0,0,3216,1792,32,8544,528,0,0,10896,96,16,1888,144,0,0,2144,192,48,7840,192,0,80,8352,4912,1520,67840,3968,96608,784,175632
"2011M09",0,0,0,0,35136,0,35136,0,0,0,0,69968,0,69968,544,176,7088,400,0,48,8256,96,96,4832,176,0,0,5200,112,96,2688,160,0,0,3056,128,112,2144,1072,0,0,3456,2192,0,19760,704,0,0,22656,96,16,3664,176,0,0,3952,208,192,9328,464,0,112,10304,6496,1376,99552,5408,105104,1072,219008
"2011M10",0,0,0,0,37328,0,37328,0,0,0,0,65616,0,65616,464,272,9536,512,0,0,10784,96,176,3808,64,0,0,4144,64,64,3728,112,0,16,3984,144,64,4320,1136,0,0,5664,1888,0,18080,832,0,32,20832,144,16,3200,144,0,16,3520,352,80,12352,512,0,0,13296,5936,1216,98496,5584,102944,1312,215488
"2011M11",0,0,0,0,35216,0,35216,0,0,0,0,59248,0,59248,416,224,17600,928,0,32,19200,80,16,5680,176,0,0,5952,96,80,4896,80,0,0,5152,256,16,6928,992,0,0,8192,1536,16,18816,864,0,16,21248,96,16,4336,224,0,16,4688,240,96,16624,352,0,64,17376,5008,672,120880,5952,94464,2736,229712
"2011M12",0,0,0,0,90416,0,90416,0,0,0,0,88272,0,88272,752,48,16320,560,0,64,17744,160,16,7216,224,0,0,7616,224,80,6288,128,0,0,6720,288,80,9440,496,0,0,10304,2016,16,30912,672,0,16,33632,160,0,5984,272,0,16,6432,512,64,22656,480,0,80,23792,8512,656,168960,4736,178688,1744,363296
"2012M01",0,0,0,0,38384,0,38384,0,0,0,0,66272,0,66272,1216,320,20768,816,0,32,23152,128,640,6048,224,0,0,7040,112,336,7952,128,0,32,8560,224,656,9120,832,0,0,10832,1376,48,27152,1008,0,48,29632,128,64,6800,240,0,0,7232,288,272,19408,880,0,48,20896,5616,3776,145184,6144,104656,944,266320
"2012M02",0,0,0,0,39936,0,39936,0,0,0,0,61728,0,61728,528,608,14288,592,0,0,16016,176,160,7856,192,0,0,8384,144,192,6032,80,0,0,6448,272,192,9888,400,0,0,10752,1616,96,29616,640,0,16,31984,80,128,7152,176,0,0,7536,256,864,22176,832,0,80,24208,4912,3680,140400,4992,101664,2736,258384
"2012M03",0,0,0,0,40256,0,40256,0,0,0,0,67280,0,67280,544,240,18096,832,0,16,19728,80,80,7936,352,0,0,8448,80,96,5936,96,0,16,6224,256,48,6320,608,0,0,7232,1680,32,18688,512,0,0,20912,144,0,5424,112,0,48,5728,240,0,18384,528,0,16,19168,5152,1040,118496,5104,107536,1952,239280
"2012M04",0,0,0,0,36880,0,36880,0,0,0,0,59152,0,59152,816,208,17104,864,0,0,18992,192,240,4224,176,0,0,4832,144,96,3760,80,0,0,4080,96,96,2912,384,0,0,3488,1216,0,10288,816,0,0,12320,48,64,2960,128,0,0,3200,224,320,11520,496,0,112,12672,5184,1472,86512,4784,96032,1072,195056
"2012M05",0,0,0,0,29312,0,29312,0,0,0,0,38640,0,38640,384,160,12480,464,0,80,13568,64,48,2848,80,0,0,3040,144,48,3152,112,0,0,3456,64,16,1680,304,0,0,2064,864,32,5728,560,0,0,7184,48,0,1728,160,0,16,1952,144,64,8736,320,0,0,9264,3504,656,63024,3840,67952,1296,140272
"2012M06",0,0,0,0,33888,0,33888,0,0,0,0,49808,0,49808,480,48,9088,640,0,16,10272,80,32,3776,80,0,0,3968,64,80,3088,16,0,16,3264,112,96,1456,368,0,0,2032,1280,16,5280,640,0,0,7216,64,16,1440,144,0,16,1680,176,224,8928,336,0,16,9680,4912,912,56288,3856,83696,832,150496
"2012M07",0,0,0,0,32544,0,32544,0,0,0,0,63904,0,63904,336,496,10528,640,0,48,12048,128,192,5936,112,0,0,6368,144,160,4368,112,0,0,4784,144,624,1984,416,0,0,3168,1392,32,6720,576,0,0,8720,32,32,2000,80,0,0,2144,176,464,8416,512,0,0,9568,4720,3808,63776,3488,96448,464,172704
"2012M08",0,0,0,0,34368,0,34368,0,0,0,0,63840,0,63840,576,224,13408,576,0,48,14832,48,80,7424,160,0,0,7712,48,16,3344,80,0,0,3488,208,16,1952,832,0,0,3008,1088,48,6912,496,0,0,8544,64,0,1824,16,0,16,1920,224,32,7840,224,0,0,8320,4752,720,68816,4000,98208,1008,177504
"2012M09",0,0,0,0,35008,0,35008,0,0,0,0,67280,0,67280,848,192,12592,576,0,16,14224,112,144,3856,64,0,0,4176,80,32,3104,160,0,0,3376,144,64,2032,1360,0,0,3600,1232,0,6528,512,0,0,8272,64,0,1984,80,0,16,2144,160,128,7760,464,0,16,8528,4992,1200,64112,4960,102288,720,178272
"2012M10",0,0,0,0,33648,0,33648,0,0,0,0,52032,0,52032,592,112,14624,528,0,0,15856,112,64,4432,160,0,16,4784,96,176,4400,80,0,0,4752,128,112,4288,1472,0,0,6000,1056,48,11424,896,0,32,13456,48,32,3104,176,0,0,3360,96,32,11616,384,0,32,12160,4096,1072,85120,5808,85680,1664,183440
"2012M11",0,0,0,0,37216,0,37216,0,0,0,0,59232,0,59232,592,128,20976,1072,0,64,22832,96,48,6144,288,0,0,6576,96,48,4768,32,0,32,4976,144,16,6640,1072,0,16,7888,1520,32,17104,592,0,0,19248,80,16,4144,192,0,0,4432,336,80,15168,512,0,64,16160,5216,736,119904,5760,96448,3040,231104
"2012M12",0,0,0,0,91072,0,91072,0,0,0,0,85232,0,85232,992,48,18336,1200,0,16,20592,144,32,9392,240,0,0,9808,192,16,5984,160,0,0,6352,240,48,10560,512,0,16,11376,2112,64,28736,512,0,16,31440,112,0,6432,208,0,0,6752,368,48,23360,352,0,80,24208,7488,496,171440,4576,176304,1648,361952
"2013M01",0,0,0,0,37104,0,37104,0,0,0,0,67296,0,67296,832,384,16912,896,0,0,19024,160,672,6416,240,0,16,7504,128,272,7664,80,0,16,8160,208,432,8304,816,0,16,9776,1520,32,26208,736,0,0,28496,48,32,6832,256,0,16,7184,240,208,22896,608,0,64,24016,5936,3344,139168,5456,104400,1120,259424
"2013M02",0,0,0,0,39552,0,39552,0,0,0,0,61456,0,61456,1008,608,28368,1408,0,80,31472,96,224,9456,176,0,0,9952,80,160,4256,80,0,16,4592,304,192,10032,624,0,0,11152,1360,96,29968,704,0,16,32144,48,16,7584,192,0,0,7840,336,688,25232,752,0,96,27104,5248,3424,161776,5488,101008,2976,279920
"2013M03",0,0,0,0,47744,0,47744,0,0,0,0,73392,0,73392,736,240,19040,1040,0,48,21104,64,176,9216,272,0,0,9728,64,32,5424,96,0,16,5632,192,0,7344,400,0,0,7936,1632,32,21600,592,0,0,23856,64,0,6064,112,0,0,6240,240,48,23472,544,0,0,24304,5376,1104,134816,5152,121136,2080,269664
"2013M04",0,0,0,0,35488,0,35488,0,0,0,0,61168,0,61168,704,144,23232,1168,0,32,25280,48,160,4336,144,0,0,4688,128,80,4000,112,0,0,4320,160,16,3056,416,0,0,3648,1072,32,9648,576,0,0,11328,64,0,2704,224,0,0,2992,144,240,11136,448,0,32,12000,4480,992,91584,5024,96656,1568,200304
"2013M05",0,0,0,0,32032,0,32032,0,0,0,0,44064,0,44064,624,96,15664,784,0,48,17216,48,96,3120,160,0,0,3424,32,80,2864,112,0,0,3088,64,32,1552,624,0,0,2272,944,16,5440,512,0,16,6928,48,0,2016,48,0,0,2112,224,64,9024,496,0,48,9856,4016,896,65216,4512,76096,1648,152384
"2013M06",0,0,0,0,32880,0,32880,0,0,0,0,54736,0,54736,832,112,10944,576,0,16,12480,96,64,2720,192,0,0,3072,48,48,3072,240,0,0,3408,160,32,1616,336,0,0,2144,976,16,5568,864,0,16,7440,48,32,1520,160,0,16,1776,224,304,9712,464,0,16,10720,4608,1136,60240,4592,87616,928,159120
"2013M07",0,0,0,0,33632,0,33632,0,0,0,0,67008,0,67008,816,512,13856,704,0,48,15936,80,256,4976,208,0,0,5520,80,176,4032,128,0,16,4432,144,528,2192,560,0,0,3424,1120,80,8144,448,0,32,9824,64,16,1920,144,0,0,2144,256,400,9616,512,0,16,10800,4528,3488,70160,4112,100640,816,183744
"2013M08",0,0,0,0,35168,0,35168,0,0,0,0,66784,0,66784,576,384,16560,912,0,32,18464,96,128,7264,80,0,0,7568,0,96,3200,160,0,0,3456,112,0,2000,1120,0,0,3232,1232,32,7408,512,0,32,9216,64,16,1888,112,0,0,2080,240,128,7968,336,0,32,8704,4592,1312,74976,5040,101952,976,188848
"2013M09",0,0,0,0,34816,0,34816,0,0,0,0,68256,0,68256,1008,272,20000,752,0,64,22096,32,144,4416,48,0,0,4640,96,96,3584,64,0,0,3840,144,48,2432,1824,0,0,4448,1312,48,6736,688,0,32,8816,64,16,1888,224,0,0,2192,320,208,8528,352,0,16,9424,5296,1408,74304,5984,103072,896,190960
"2013M10",0,0,0,0,35712,0,35712,0,0,0,0,57184,0,57184,928,480,12064,656,0,48,14176,96,144,4896,176,0,0,5312,32,112,4400,176,0,0,4720,256,64,4400,1952,0,16,6688,1040,48,11120,992,0,32,13232,48,16,2736,192,0,16,3008,304,64,12240,736,0,96,13440,4880,1472,85776,7696,92896,1648,194368
"2013M11",0,0,0,0,37472,0,37472,0,0,0,0,64112,0,64112,832,192,17648,816,0,32,19520,64,0,6400,176,0,0,6640,64,48,5232,48,0,16,5408,192,16,7952,1280,0,16,9456,1600,0,17728,928,0,32,20288,176,16,5120,240,0,16,5568,304,112,19840,672,0,32,20960,5984,992,131744,6432,101584,3360,250096
"2013M12",0,0,0,0,92176,0,92176,0,0,0,0,90912,0,90912,1232,112,16240,800,0,32,18416,144,32,8624,400,0,0,9200,128,48,5600,112,0,0,5888,288,80,11776,768,0,16,12928,1696,16,30512,624,0,16,32864,176,16,6512,224,0,0,6928,288,32,27392,608,0,64,28384,7744,640,182528,5360,183088,2224,381584
"2014M01",0,0,0,0,43376,0,43376,0,0,0,0,70096,0,70096,1344,480,27328,1056,0,32,30240,144,656,6432,352,0,0,7584,176,160,8448,144,0,0,8928,304,528,10432,1200,0,0,12464,1280,64,28656,976,0,16,30992,128,64,6704,192,0,16,7104,272,208,22208,768,0,80,23536,6224,3392,160608,7056,113472,1232,291984
"2014M02",0,0,0,0,42608,0,42608,0,0,0,0,67984,0,67984,1088,912,26464,1280,0,64,29808,176,160,9280,272,0,0,9888,64,176,5792,48,0,0,6080,80,112,12224,832,0,16,13264,1296,96,30768,592,0,64,32816,112,64,7648,112,0,32,7968,320,848,29024,880,0,80,31152,5472,4160,170896,6256,110592,3184,300560
"2014M03",0,0,0,0,40528,0,40528,0,0,0,0,64160,0,64160,848,320,22144,976,0,48,24336,48,128,8352,208,0,0,8736,160,64,5440,128,0,32,5824,144,48,7616,688,0,0,8496,1184,0,17696,464,0,32,19376,64,16,5680,96,0,16,5872,272,32,25664,672,0,48,26688,4816,1264,134576,5680,104688,2352,253376
"2014M04",0,0,0,0,40720,0,40720,0,0,0,0,68352,0,68352,960,208,23088,960,0,16,25232,112,160,3952,128,0,0,4352,96,48,3920,112,0,0,4176,112,0,4528,560,0,0,5200,1408,32,12800,512,0,16,14768,64,16,2800,96,0,0,2976,208,176,13120,496,0,64,14064,6368,1440,100352,4784,109072,1920,223936
"2014M05",0,0,0,0,31424,0,31424,0,0,0,0,44544,0,44544,800,176,15120,1040,0,16,17152,64,16,4432,208,0,0,4720,80,48,3088,80,0,0,3296,96,16,2032,464,0,0,2608,880,48,5856,592,0,16,7392,0,0,2016,80,0,0,2096,208,144,10800,384,0,0,11536,4352,1024,73488,4864,75968,1456,161152
"2014M06",0,0,0,0,32688,0,32688,0,0,0,0,54576,0,54576,880,128,11504,576,0,16,13104,48,32,4016,176,0,0,4272,96,32,2448,144,0,0,2720,80,16,1312,448,0,0,1856,1024,32,5568,816,0,0,7440,0,16,1552,160,0,0,1728,256,384,10048,432,0,16,11136,4576,1360,63328,4496,87264,992,162016
"2014M07",0,0,0,0,34432,0,34432,0,0,0,0,69584,0,69584,1008,1104,15392,864,0,208,18576,144,176,6240,208,0,0,6768,112,176,4000,96,0,16,4400,176,432,2480,512,0,0,3600,1232,16,7984,528,0,0,9760,48,80,1776,96,0,0,2000,176,592,9520,448,0,16,10752,5168,4752,77632,4336,104016,832,196736
"2014M08",0,0,0,0,33584,0,33584,0,0,0,0,66656,0,66656,992,320,17824,1104,0,160,20400,128,96,7504,160,0,0,7888,64,48,3344,112,0,0,3568,112,16,2576,784,0,0,3488,1200,16,6944,592,0,32,8784,64,0,2192,64,0,16,2336,160,96,8416,560,0,0,9232,4768,1264,76320,5216,100240,976,188784
"2014M09",0,0,0,0,34192,0,34192,0,0,0,0,68864,0,68864,1088,480,16544,816,0,96,19024,112,80,4848,112,0,0,5152,144,112,3504,112,0,0,3872,160,16,2512,1840,0,0,4528,1408,32,7008,832,0,32,9312,32,32,2048,128,0,0,2240,272,240,9440,576,0,16,10544,5584,1808,74576,6672,103056,1056,192752
"2014M10",0,0,0,0,37376,0,37376,0,0,0,0,58784,0,58784,1104,464,17536,880,0,64,20048,96,144,5840,128,0,0,6208,224,96,4496,160,0,0,4976,144,80,4800,2400,0,0,7424,1168,0,11584,928,0,48,13728,80,0,3168,192,0,0,3440,160,48,14000,800,0,192,15200,5184,1552,96800,8512,96160,2016,210224
"2014M11",0,0,0,0,38064,0,38064,0,0,0,0,66224,0,66224,1088,208,25472,1248,0,16,28032,160,64,7456,272,0,0,7952,176,48,5568,80,0,16,5888,208,0,8320,1552,0,16,10096,1312,0,17920,688,0,48,19968,144,0,4832,272,0,64,5312,304,64,23008,688,0,64,24128,5600,1232,147776,7600,104288,3392,269888
"2014M12",0,0,0,0,91984,0,91984,0,0,0,0,91024,0,91024,1760,128,23600,832,0,32,26352,192,0,9696,208,0,0,10096,176,16,6848,64,0,0,7104,336,64,12992,608,0,16,14016,2176,16,29696,640,0,32,32560,192,0,6528,112,0,32,6864,512,48,29344,512,0,80,30496,9440,784,201632,5072,183008,2176,402112
"2015M01",0,0,0,0,42832,0,42832,0,0,0,0,78928,0,78928,1152,944,23248,928,0,112,26384,160,512,6672,240,0,16,7600,160,240,10352,160,0,0,10912,128,528,10144,1264,0,16,12080,1232,32,29792,992,0,64,32112,16,96,6288,288,0,32,6720,320,256,23184,752,0,32,24544,5696,4320,161904,7488,121760,1184,302352
"2015M02",0,0,0,0,42160,0,42160,0,0,0,0,69344,0,69344,1360,1216,51392,1424,0,128,55520,80,272,8992,208,0,0,9552,224,160,5936,112,0,0,6432,288,144,12720,1008,0,16,14176,1424,96,32352,784,0,32,34688,48,48,8976,96,0,16,9184,272,976,34512,480,0,48,36288,6400,4928,211296,6224,111504,2768,343120
"2015M03",0,0,0,0,44320,0,44320,0,0,0,0,73184,0,73184,1088,368,28624,1184,0,80,31344,128,144,9648,320,0,0,10240,112,160,6240,96,0,16,6624,224,16,8832,832,0,16,9920,1264,64,21376,512,0,32,23248,48,16,5440,160,0,0,5664,240,48,26144,528,0,32,26992,5616,1568,157680,6048,117504,2912,291328
"2015M04",0,0,0,0,39648,0,39648,0,0,0,0,69536,0,69536,1248,560,28944,1072,0,16,31840,256,224,4784,192,0,0,5456,16,64,4336,160,0,0,4576,176,64,3824,560,0,0,4624,1344,32,11296,432,0,0,13104,112,16,3296,128,0,32,3584,240,352,15856,320,0,16,16784,6352,2064,113264,5040,109184,1712,237616
"2015M05",0,0,0,0,31792,0,31792,0,0,0,0,46752,0,46752,944,48,22704,1152,0,80,24928,176,64,4160,128,0,0,4528,112,80,3680,80,0,0,3952,160,0,2208,448,0,0,2816,928,80,6352,448,0,48,7856,80,0,2272,144,0,16,2512,176,64,12416,496,0,32,13184,5104,896,85408,4800,78544,1920,176672
"2015M06",0,0,0,0,34064,0,34064,0,0,0,0,61136,0,61136,1008,240,14704,560,0,80,16592,80,64,3760,240,0,0,4144,128,64,2960,80,0,16,3248,112,48,1648,528,0,16,2352,1184,32,4912,768,0,32,6928,16,0,1872,144,0,16,2048,272,560,12368,320,0,48,13568,5568,1728,68400,4304,95200,1248,176448
"2015M07",0,0,0,0,36976,0,36976,0,0,0,0,71872,0,71872,736,1200,17504,912,0,80,20432,176,208,5776,144,0,0,6304,176,208,3872,64,0,16,4336,144,480,2272,736,0,0,3632,1344,48,8432,304,0,64,10192,144,128,2224,96,0,32,2624,208,512,11168,240,0,64,12192,5664,4752,83760,4272,108848,656,207952
"2015M08",0,0,0,0,33952,0,33952,0,0,0,0,69792,0,69792,1104,400,22720,1392,0,48,25664,112,160,7360,144,0,16,7792,64,96,3232,128,0,16,3536,192,16,2192,1232,0,0,3632,1504,0,7344,576,0,16,9440,80,0,2288,112,0,0,2480,208,80,9680,320,0,16,10304,5856,1600,85008,5696,103744,816,202720
"2015M09",0,0,0,0,37056,0,37056,0,0,0,0,75616,0,75616,1280,400,23872,976,0,64,26592,80,112,5792,176,0,0,6160,128,80,2976,128,0,0,3312,160,16,2496,2192,0,0,4864,1600,32,6848,816,0,0,9296,64,0,2528,160,0,16,2768,224,160,11040,432,0,0,11856,6256,1616,88096,7216,112672,800,216656
"2015M10",0,0,0,0,36496,0,36496,0,0,0,0,64352,0,64352,1040,368,24640,1312,0,16,27376,64,144,6128,160,0,0,6496,96,128,5232,96,0,0,5552,128,80,5360,2352,0,0,7920,1392,16,11600,1104,0,32,14144,176,0,2960,256,0,48,3440,240,80,14928,320,0,128,15696,5632,1536,110880,8480,100848,2000,229376
"2015M11",0,0,0,0,37344,0,37344,0,0,0,0,73152,0,73152,1216,224,35088,1520,0,48,38096,112,80,7872,288,0,0,8352,128,144,6800,96,0,0,7168,192,16,9040,2176,0,0,11424,1664,0,19376,816,0,32,21888,240,0,5744,224,0,48,6256,272,96,25456,400,0,64,26288,7120,1440,169536,8592,110496,3200,300384
"2015M12",0,0,0,0,93168,0,93168,0,0,0,0,99872,0,99872,1984,128,33232,1120,0,64,36528,176,48,10688,256,0,0,11168,176,64,8896,80,0,0,9216,256,80,14320,1008,0,0,15664,2704,0,33312,608,0,64,36688,256,0,6960,192,0,16,7424,560,112,32112,512,0,80,33376,10432,736,233424,5696,193040,1360,444688
"2016M01",0,0,0,0,44224,0,44224,0,0,0,0,81664,0,81664,1712,1344,36816,1472,0,64,41408,176,752,7664,320,0,0,8912,272,256,12688,144,0,16,13376,240,400,12416,1376,0,16,14448,1728,32,32992,976,0,128,35856,128,32,7360,208,0,0,7728,464,160,26960,704,0,208,28496,7856,4736,195904,7904,125888,1200,343488
"2016M02",0,0,0,0,42992,0,42992,0,0,0,0,83136,0,83136,1680,1328,48128,1664,0,48,52848,176,288,10752,256,0,0,11472,208,272,8720,176,0,16,9392,256,240,15248,1184,0,0,16928,1968,80,36416,672,0,16,39152,160,96,9040,272,0,16,9584,336,944,34672,320,0,16,36288,7696,5264,224704,6864,126128,2640,373296
"2016M03",0,0,0,0,50336,0,50336,0,0,0,0,86032,0,86032,1520,256,38128,1328,0,16,41248,224,128,11008,240,0,0,11600,80,128,7328,96,0,0,7632,256,0,10368,768,0,0,11392,2384,32,23696,704,0,80,26896,96,0,7056,112,0,32,7296,400,64,31744,576,0,16,32800,8464,1184,188928,6576,136368,2784,344304
"2016M04",0,0,0,0,35936,0,35936,0,0,0,0,68752,0,68752,1296,416,40928,1552,0,16,44208,128,224,5728,304,0,0,6384,176,96,5936,112,0,16,6336,288,96,4096,560,0,0,5040,1248,32,10160,560,0,16,12016,160,0,3328,192,0,0,3680,224,272,16336,368,0,16,17216,6960,1728,135712,6240,104688,1424,256752
"2016M05",0,0,0,0,31376,0,31376,0,0,0,0,48496,0,48496,1120,320,26912,1184,0,0,29536,160,80,5200,272,0,0,5712,208,96,4880,176,0,16,5376,80,0,2304,608,0,0,2992,864,32,5776,608,0,16,7296,48,0,2272,208,0,16,2544,176,112,13600,256,0,16,14160,5296,1264,100432,5344,79872,1616,193824
"2016M06",0,0,0,0,36160,0,36160,0,0,0,0,63408,0,63408,1088,240,17296,768,0,0,19392,64,96,4304,224,0,0,4688,96,96,3888,160,0,0,4240,144,64,1776,464,0,0,2448,1504,0,5744,720,0,0,7968,64,48,1856,96,0,16,2080,176,288,14656,528,0,16,15664,6144,1744,83056,4832,99568,912,196256
"2016M07",0,0,0,0,36720,0,36720,0,0,0,0,80144,0,80144,1440,1680,22192,848,0,96,26256,176,128,6464,288,0,16,7072,112,176,5280,176,0,0,5744,48,544,2544,560,0,0,3696,960,32,8768,496,0,0,10256,112,16,2608,144,0,0,2880,176,768,15200,496,0,0,16640,6432,5488,103200,5120,116864,720,237824
"2016M08",0,0,0,0,35520,0,35520,0,0,0,0,72944,0,72944,1072,416,23280,1312,0,16,26096,80,192,8928,224,0,0,9424,160,32,4384,176,0,16,4768,96,64,2352,1184,0,0,3696,1408,16,7472,480,0,0,9376,112,0,2400,144,0,0,2656,224,112,13792,352,0,32,14512,6368,1424,98016,5856,108464,464,220592
"2016M09",0,0,0,0,39040,0,39040,0,0,0,0,82928,0,82928,1776,496,24752,944,0,32,28000,144,112,6160,192,0,0,6608,112,32,5344,128,0,0,5616,208,32,3040,2144,0,16,5440,1344,16,7792,848,0,0,10000,96,32,2576,96,0,32,2832,240,320,14048,384,0,32,15024,7104,1824,104912,7216,121968,912,243936
"2016M10",0,0,0,0,37952,0,37952,0,0,0,0,69936,0,69936,1424,576,26832,976,0,16,29824,32,160,6448,256,0,0,6896,64,80,5824,144,0,32,6144,176,80,6256,2656,0,0,9168,1264,0,12400,752,0,0,14416,96,16,4096,320,0,0,4528,256,48,19824,384,0,16,20528,6064,1552,134512,8784,107888,1920,260720
"2016M11",0,0,0,0,39248,0,39248,0,0,0,0,74608,0,74608,1952,240,36592,1456,0,48,40288,144,48,9936,288,0,0,10416,64,64,8736,160,0,0,9024,160,16,10656,1840,0,0,12672,1600,32,18880,800,0,0,21312,80,0,7088,304,0,16,7488,336,144,31792,416,0,16,32704,7680,1216,196000,8944,113856,3728,331424
"2016M12",0,0,0,0,99536,0,99536,0,0,0,0,110912,0,110912,2128,128,32320,1328,0,0,35904,208,16,11520,256,0,0,12000,128,80,8992,96,0,32,9328,368,80,16128,912,0,0,17488,2368,16,35872,656,0,64,38976,192,0,8224,160,0,0,8576,400,32,41216,528,0,80,42256,10912,832,261984,6352,210448,1392,491920
"2017M01",0,0,0,0,44960,0,44960,0,0,0,0,86976,0,86976,2224,1136,48544,1088,0,32,53024,224,832,7840,368,0,0,9264,192,208,12288,176,0,32,12896,192,512,14432,1312,0,0,16448,1744,32,33536,832,0,16,36160,160,48,7872,256,0,0,8336,416,224,32400,640,0,32,33712,8176,4528,225648,7840,131936,992,379120
"2017M02",0,0,0,0,45136,0,45136,0,0,0,0,83840,0,83840,1312,1232,30320,960,0,32,33856,160,240,11008,256,0,0,11664,160,128,8784,128,0,0,9200,288,96,16992,912,0,0,18288,1792,80,37664,880,0,48,40464,160,144,11200,192,0,0,11696,352,960,44784,704,0,64,46864,6720,4448,228880,6672,128976,2864,378560
"2017M03",0,0,0,0,44000,0,44000,0,0,0,0,84944,0,84944,1392,352,39072,1552,0,0,42368,192,64,11376,304,0,16,11952,80,64,7616,128,0,0,7888,160,0,11216,784,0,0,12160,1680,16,21232,624,0,16,23568,112,0,7872,160,0,16,8160,352,16,36720,608,0,0,37696,6992,1328,195904,6608,128944,3024,342800
"2017M04",0,0,0,0,44576,0,44576,0,0,0,0,87936,0,87936,1648,464,36752,1344,0,32,40240,192,176,5616,192,0,0,6176,224,96,6448,112,0,0,6880,160,48,6080,528,0,0,6816,1696,0,14848,368,0,0,16912,96,48,6288,192,0,16,6640,224,448,24064,384,0,16,25136,8752,2240,161088,4864,132512,1280,310736
"2017M05",0,0,0,0,33584,0,33584,0,0,0,0,54784,0,54784,1120,192,25504,1184,0,16,28016,160,96,4864,176,0,16,5312,112,48,5120,80,0,0,5360,112,16,2544,560,0,0,3232,1248,0,7024,512,0,32,8816,64,16,2512,112,0,0,2704,160,80,15840,432,0,0,16512,5792,1008,107008,4864,88368,1536,208576
"2017M06",0,0,0,0,38576,0,38576,0,0,0,0,69904,0,69904,1424,208,15552,848,0,0,18032,80,64,3952,128,0,0,4224,160,0,3968,96,0,16,4240,208,64,1680,528,0,0,2480,1648,48,22560,832,0,32,25120,96,16,1696,48,0,0,1856,304,384,16512,560,0,48,17808,7136,1600,106624,4800,108480,896,229536
"2017M07",0,0,0,0,37920,0,37920,0,0,0,0,82800,0,82800,1824,1424,26256,656,0,0,30160,96,160,6128,224,0,0,6608,128,256,5792,256,0,16,6448,240,384,2576,512,0,16,3728,1840,16,11584,448,0,0,13888,144,128,2272,128,0,0,2672,208,624,13408,272,0,0,14512,7760,4608,109152,3904,120720,512,246656
"2017M08",0,0,0,0,34944,0,34944,0,0,0,0,78368,0,78368,1776,400,26640,768,0,0,29584,16,304,9648,176,0,0,10144,176,16,4688,144,0,0,5024,208,32,2352,976,0,16,3584,1408,0,7616,448,0,0,9472,112,16,2112,128,0,16,2384,160,0,11808,352,0,0,12320,6960,1552,106352,4912,113312,544,233632
"2017M09",0,0,0,0,38144,0,38144,0,0,0,0,88448,0,88448,1952,320,28320,816,0,32,31440,96,160,6224,112,0,0,6592,240,48,6592,144,0,0,7024,192,64,3168,1888,0,16,5328,1552,32,7152,800,0,32,9568,80,48,2192,128,0,32,2480,224,400,11984,496,0,0,13104,7856,2064,108400,6688,126592,832,252432
"2017M10",0,0,0,0,35824,0,35824,0,0,0,0,68544,0,68544,1488,560,30704,784,0,0,33536,208,112,6624,160,0,0,7104,208,96,8640,128,0,0,9072,144,32,7616,2304,0,0,10096,1168,48,13008,800,0,0,15024,112,16,4064,352,0,0,4544,288,48,20736,592,0,16,21680,6304,1616,147040,8784,104368,1696,269808
"2017M11",0,0,0,0,39840,0,39840,0,0,0,0,83648,0,83648,1808,160,40528,880,0,0,43376,160,48,10032,272,0,16,10528,128,32,9408,144,0,16,9728,240,32,10336,1808,0,16,12432,1632,16,22128,736,0,32,24544,112,0,7648,352,0,16,8128,656,64,35984,624,0,16,37344,8496,928,214656,7808,123488,3920,359296
"2017M12",0,0,0,0,95168,0,95168,0,0,0,0,112976,0,112976,2608,128,36784,448,0,16,39984,192,64,11648,128,0,0,12032,224,80,10896,96,0,16,11312,336,32,15504,928,0,0,16800,2144,32,37760,416,0,80,40432,288,16,9712,208,0,16,10240,624,0,45088,512,0,80,46304,11760,880,285344,4832,208144,1232,512192
"2018M01",0,0,0,0,43296,0,43296,0,0,0,0,89856,0,89856,2048,1008,33936,688,0,0,37680,160,768,8464,96,0,0,9488,368,176,13936,48,0,0,14528,368,400,14080,1472,0,0,16320,1968,0,34512,1136,0,48,37664,160,64,8512,336,0,0,9072,256,288,35792,848,0,48,37232,9200,4352,223216,7648,133152,768,378336
"2018M02",0,0,0,0,46128,0,46128,0,0,0,0,82576,0,82576,2272,1168,63056,816,0,16,67328,224,96,11456,112,0,0,11888,160,144,8832,96,0,0,9232,352,112,15648,800,0,0,16912,1568,32,37152,608,0,32,39392,176,112,12368,240,0,16,12912,352,1104,48400,640,0,0,50496,8176,4688,273072,5744,128704,2576,422960
"2018M03",0,0,0,0,51440,0,51440,0,0,0,0,96144,0,96144,1616,544,41376,656,0,0,44192,288,112,11328,160,0,0,11888,144,144,9344,64,0,16,9712,96,48,11536,704,0,0,12384,1984,16,26448,544,0,0,28992,208,0,8336,80,0,32,8656,448,16,39328,304,0,0,40096,9168,1712,221360,5008,147584,3120,387952
"2018M04",0,0,0,0,35040,0,35040,0,0,0,0,75872,0,75872,1312,448,44880,592,0,32,47264,192,320,5536,96,0,0,6144,96,80,6544,80,0,0,6800,208,16,4624,512,0,0,5360,1200,16,11792,432,0,16,13456,176,32,3904,128,0,0,4240,352,544,20832,320,0,16,22064,6464,2352,158464,4368,110912,960,283520
"2018M05",0,0,0,0,34064,0,34064,0,0,0,0,56848,0,56848,1376,208,28704,784,0,16,31088,32,32,3872,160,0,16,4112,112,32,5072,48,0,16,5280,96,32,2464,560,0,0,3152,1136,0,6720,656,0,0,8512,112,0,2544,224,0,0,2880,352,48,16288,432,0,0,17120,6400,1072,116272,5488,90912,1344,221488
"2018M06",0,0,0,0,35040,0,35040,0,0,0,0,65504,0,65504,1696,208,17680,496,0,48,20128,144,32,3824,128,0,0,4128,128,64,3920,112,0,16,4240,64,16,1680,480,0,0,2240,1008,32,5168,672,0,16,6896,80,32,1952,160,0,0,2224,192,416,16496,576,0,48,17728,6176,1600,98384,4320,100544,832,211856
"2018M07",0,0,0,0,36992,0,36992,0,0,0,0,87792,0,87792,1904,1280,26320,704,0,16,30224,48,176,6304,368,0,0,6896,144,160,5360,176,0,16,5856,240,608,2720,576,0,0,4144,1200,48,7952,384,0,0,9584,144,48,2576,160,0,16,2944,352,736,14384,368,0,16,15856,7232,5024,107888,4720,124784,384,250032
"2018M08",0,0,0,0,36992,0,36992,0,0,0,0,79568,0,79568,1360,448,29360,832,0,48,32048,112,192,9056,256,0,0,9616,144,48,4688,96,0,32,5008,192,0,2496,736,0,0,3424,1040,32,7904,384,0,0,9360,96,0,2560,128,0,0,2784,288,80,12352,464,0,32,13216,6368,1728,115920,4912,116560,624,246112
"2018M09",0,0,0,0,36112,0,36112,0,0,0,0,87200,0,87200,2000,224,30384,704,0,80,33392,48,160,6352,80,0,0,6640,192,80,5328,144,0,0,5744,160,32,3456,1520,0,0,5168,1104,32,7456,832,0,0,9424,80,0,2416,144,0,0,2640,224,288,13856,432,0,80,14880,7344,1776,117648,6656,123312,784,257520
"2018M10",0,0,0,0,36512,0,36512,0,0,0,0,77424,0,77424,1744,592,29520,336,0,32,32224,112,64,6448,96,0,16,6736,96,64,6784,64,0,16,7024,96,16,7312,2016,0,0,9440,1472,16,13248,1056,0,64,15856,96,0,5040,144,0,0,5280,352,80,23984,336,0,0,24752,7104,1568,150496,7392,113936,2400,282896
"2018M11",0,0,0,0,43807,0,43807,0,0,0,0,89742,0,89742,2139,270,41352,599,0,66,44426,177,49,8951,206,0,9,9392,198,53,9317,113,0,14,9695,279,13,11600,1574,0,4,13470,1959,5,22616,921,0,34,25535,193,13,8549,351,0,13,9119,475,135,39435,554,0,54,40653,9726,1344,229055,8364,133549,3751,385789
"2018M12",0,0,0,0,97889,0,97889,0,0,0,0,114115,0,114115,2916,153,37377,493,0,52,40991,294,43,11824,149,0,9,12319,294,54,10187,120,0,21,10676,407,62,16748,869,0,4,18090,2493,28,39010,740,0,71,42342,251,6,9668,222,0,23,10170,689,59,50212,401,0,63,51424,13519,1125,295738,5689,212004,1180,529255
"2019M01",0,0,0,0,46736,0,46736,0,0,0,0,95170,0,95170,2810,1153,41792,706,0,92,46553,199,726,7370,125,0,4,8424,209,323,14412,98,0,6,15048,281,467,14197,1348,0,4,16297,1846,75,34746,998,0,43,37708,180,63,9087,348,0,13,9691,474,241,38404,688,0,53,39860,10173,4826,233270,8005,141906,1166,399346
"2019M02",0,0,0,0,44533,0,44533,0,0,0,0,85158,0,85158,2084,1398,48683,595,0,31,52791,192,203,11418,101,0,8,11922,226,158,10724,96,0,10,11214,265,108,16606,824,0,2,17805,1934,65,36505,663,0,34,39201,175,94,12167,255,0,9,12700,516,1024,49916,591,0,24,52071,9196,4870,265127,6080,129691,2970,417934
"2019M03",0,0,0,0,44233,0,44233,0,0,0,0,91606,0,91606,1733,449,41204,560,0,58,44004,188,200,12325,178,0,8,12899,176,81,9184,87,0,7,9535,235,9,11536,626,0,3,12409,1969,33,22406,629,0,25,25062,163,5,9598,195,0,15,9976,494,45,46792,560,0,18,47909,8900,1742,222720,5663,135839,3406,378270
"2019M04",0,0,0,0,43018,0,43018,0,0,0,0,87531,0,87531,2340,537,36935,445,0,42,40299,135,283,6439,108,0,4,6969,202,136,5578,57,0,7,5980,210,36,5266,421,0,1,5934,1732,26,15197,488,0,38,17481,183,34,4565,158,0,12,4952,425,378,22626,338,0,20,23787,10557,2408,158554,4307,130549,1034,307409
"2019M05",0,0,0,0,35765,0,35765,0,0,0,0,57433,0,57433,1525,301,27548,381,0,91,29846,135,84,3609,157,0,4,3989,128,47,4538,107,0,6,4826,136,15,2067,419,0,2,2639,1208,35,6243,581,0,17,8084,117,11,2568,154,0,5,2855,319,93,16388,530,0,21,17351,6878,1378,111322,5018,93198,1537,219331
"2019M06",0,0,0,0,35207,0,35207,0,0,0,0,66927,0,66927,1894,422,17693,415,0,68,20492,115,73,3520,187,0,6,3901,153,68,4046,149,0,6,4422,148,42,1696,399,0,0,2285,1182,66,5331,760,0,23,7362,106,34,2319,168,0,8,2635,347,668,17768,528,0,24,19335,7520,2330,95757,4965,102134,830,213536
"2019M07",0,0,0,0,38983,0,38983,0,0,0,0,88255,0,88255,2037,1905,26079,476,0,51,30548,159,169,6433,253,0,4,7018,174,226,5360,175,0,9,5944,199,493,2650,495,0,3,3840,1454,53,8081,487,0,28,10103,125,58,2432,133,0,15,2763,374,459,15168,533,0,16,16550,8170,5632,109316,4706,127238,523,255585
"2019M08",0,0,0,0,38640,0,38640,0,0,0,0,83589,0,83589,1728,413,28057,619,0,56,30873,122,227,9009,145,0,8,9511,124,61,4707,154,0,4,5050,176,28,2347,772,0,1,3324,1669,45,7275,572,0,27,9588,152,7,2410,140,0,13,2722,368,126,13072,448,0,17,14031,8011,1874,113131,5332,122229,554,251131
"2019M09",0,0,0,0,38881,0,38881,0,0,0,0,92368,0,92368,2140,472,26865,422,0,62,29961,154,200,5011,147,0,2,5514,200,93,5223,92,0,8,5616,201,47,3147,1251,0,2,4648,1543,31,7326,854,0,19,9773,139,5,2552,209,0,8,2913,364,291,14251,459,0,47,15412,8925,2108,111931,6653,131249,904,261770
"2019M10",0,0,0,0,40818,0,40818,0,0,0,0,80590,0,80590,1752,668,27037,401,0,52,29910,145,167,5797,170,0,3,6282,156,136,6140,132,0,6,6570,232,52,6919,1568,0,8,8779,1618,48,13625,1096,0,45,16432,162,15,3944,254,0,5,4380,381,114,20735,567,0,41,21838,8400,2263,141203,8093,121408,2467,283834
"2019M11",0,0,0,0,42435,0,42435,0,0,0,0,89798,0,89798,1840,236,39640,426,0,79,42221,167,53,8755,164,0,3,9142,206,39,9840,96,0,6,10187,247,15,10884,1306,0,2,12454,1976,39,21481,900,0,80,24476,193,15,7902,280,0,14,8404,497,122,38163,506,0,68,39356,9393,1291,218145,7328,132233,3718,372108
"2019M12",0,0,0,0,94473,0,94473,0,0,0,0,117866,0,117866,2593,182,34682,280,0,68,37805,247,47,12301,111,0,8,12714,304,43,11905,111,0,20,12383,392,39,15645,624,0,11,16711,2390,14,36480,556,0,252,39692,257,12,10279,196,0,39,10783,733,64,51956,492,0,144,53389,12820,1005,295710,4777,212339,1568,528219
"2020M01",0,0,0,0,48884,0,48884,0,0,0,0,99191,0,99191,3035,1400,46289,381,0,66,51171,194,775,8033,132,0,8,9142,277,376,14500,114,0,8,15275,240,465,12755,1107,0,3,14570,1748,129,32877,1039,0,80,35873,185,80,9566,346,0,27,10204,514,267,39740,824,0,148,41493,10480,5604,237500,7920,148075,1199,410778
"2020M02",0,0,0,0,48586,0,48586,0,0,0,0,89980,0,89980,1503,296,3286,79,0,22,5186,226,243,12357,112,0,5,12943,215,192,10947,106,0,17,11477,255,112,15566,729,0,4,16666,1907,82,35857,668,0,87,38601,177,94,12755,253,0,30,13309,520,1067,48250,620,0,57,50514,8658,4164,212664,5659,138566,3034,372745
"2020M03",0,0,0,0,31591,0,31591,0,0,0,0,47544,0,47544,589,225,866,35,0,8,1723,98,84,2985,71,0,6,3244,113,22,874,37,0,2,1048,153,7,6386,362,0,0,6908,1023,27,12982,409,0,81,14522,106,1,5410,112,0,12,5641,269,24,23068,265,0,35,23661,4513,969,85355,3141,79135,2408,175521
"2020M04",0,0,0,0,1286,0,1286,0,0,0,0,62,0,62,43,0,3,0,0,0,46,1,0,2,2,0,0,5,1,0,1,4,0,0,6,1,0,82,0,0,0,83,14,0,14,5,0,3,36,0,0,1,1,0,1,3,12,0,11,2,0,2,27,122,1,164,74,1348,12,1721
"2020M05",0,0,0,0,1626,0,1626,0,0,0,0,141,0,141,125,1,13,3,0,0,142,0,0,2,0,0,0,2,9,0,2,0,0,0,11,0,0,0,0,0,0,0,17,1,21,7,0,2,48,3,0,3,0,0,1,7,11,1,47,36,0,2,97,204,3,154,55,1767,6,2189
"2020M06",0,0,0,0,2391,0,2391,0,0,0,0,173,0,173,183,2,18,10,0,0,213,8,0,7,0,0,1,16,12,0,49,0,0,1,62,3,0,7,3,0,0,13,29,2,54,10,0,1,96,1,0,12,2,0,5,20,35,1,107,20,0,4,167,411,10,426,87,2564,23,3521
"2020M07",0,0,0,0,2313,0,2313,0,0,0,0,200,0,200,183,1,18,3,0,4,209,8,0,3,0,0,0,11,15,0,6,1,0,1,23,4,0,5,0,0,0,9,43,1,66,9,0,8,127,5,1,12,5,0,1,24,15,9,84,34,0,5,147,394,27,421,96,2513,30,3481
"2020M08",0,0,0,0,2920,0,2920,0,0,0,0,286,0,286,234,3,43,6,0,2,288,7,0,11,1,0,4,23,17,0,7,1,0,3,28,9,0,7,1,0,1,18,50,1,120,33,0,1,205,4,0,27,5,0,2,38,25,6,205,16,0,7,259,520,26,887,107,3206,36,4782
"2020M09",0,0,0,0,3014,0,3014,0,0,0,0,331,0,331,116,1,33,8,0,4,162,6,0,21,1,0,3,31,15,0,37,0,0,1,53,15,0,19,7,0,3,44,60,9,133,67,0,2,271,9,1,32,1,0,0,43,27,7,330,17,0,7,388,453,62,1302,317,3345,40,5519
"2020M10",0,0,0,0,2520,0,2520,0,0,0,0,251,0,251,124,0,22,2,0,2,150,7,0,9,0,0,0,16,13,0,13,0,0,0,26,21,0,29,2,0,0,52,51,5,193,27,0,8,284,5,0,40,3,0,2,50,29,0,243,11,0,5,288,413,19,1512,320,2771,38,5073
"2020M11",0,0,0,0,3250,0,3250,0,0,0,0,254,0,254,129,0,18,1,0,0,148,8,0,19,1,0,1,29,14,0,9,0,0,3,26,17,1,29,15,0,0,62,64,1,206,16,0,5,292,13,0,38,0,0,2,53,65,3,246,13,0,4,331,428,7,1052,97,3504,28,5116
"2020M12",0,0,0,0,3982,0,3982,0,0,0,0,276,0,276,120,0,24,7,0,2,153,1,0,9,0,0,0,10,15,0,3,2,0,1,21,30,0,30,3,0,1,64,79,4,249,6,0,4,342,13,0,40,1,0,3,57,51,1,167,8,0,1,228,490,9,1046,80,4258,21,5904
"2021M01",0,0,0,0,2799,0,2799,0,0,0,0,239,0,239,108,2,9,5,0,2,126,7,0,14,0,0,3,24,16,0,9,1,0,0,26,22,0,22,1,0,0,45,56,1,238,16,0,7,318,3,0,49,0,0,0,52,34,0,249,13,0,4,300,398,4,1245,143,3038,620,5448
"2021M02",0,0,0,0,2497,0,2497,0,0,0,0,251,0,251,95,2,14,24,0,1,136,6,0,13,0,0,1,20,16,0,10,1,0,3,30,10,0,21,0,0,0,31,28,0,149,11,0,6,194,7,0,50,1,0,0,58,28,0,166,12,0,5,211,315,8,1028,111,2748,1087,5297
"2021M03",0,0,0,0,2574,0,2574,0,0,0,0,276,0,276,92,6,35,8,0,1,142,6,0,14,1,0,0,21,20,0,8,0,0,1,29,5,0,24,1,0,0,30,40,0,114,5,0,7,166,3,0,29,1,0,0,33,16,0,150,5,0,2,173,318,15,1041,83,2850,332,4639
"2021M04",0,0,0,0,16891,0,16891,0,0,0,0,12448,0,12448,177,3,52,9,0,0,241,19,0,21,1,0,1,42,18,0,22,0,0,3,43,30,0,39,1,0,0,70,194,1,268,4,0,1,468,16,0,70,0,0,1,87,60,0,188,3,0,6,257,995,13,1493,71,29339,20,31931
"2021M05",0,0,0,0,26064,0,26064,0,0,0,0,27330,0,27330,302,17,43,4,0,4,370,51,1,40,4,0,2,98,43,0,50,0,0,0,93,53,0,66,0,0,0,119,471,0,442,12,0,9,934,50,0,66,2,0,2,120,126,1,254,9,0,6,396,2060,22,2009,64,53394,56,57605
"2021M06",0,0,0,0,21233,0,21233,0,0,0,0,26135,0,26135,288,90,69,8,0,1,456,25,0,44,1,0,1,71,37,3,54,4,0,2,100,45,1,47,2,0,6,101,418,0,388,24,0,8,838,43,0,71,3,0,6,123,104,2,234,27,0,13,380,1810,111,2099,113,47368,89,51590
"2021M07",0,0,0,0,12508,0,12508,0,0,0,0,14541,0,14541,169,48,55,7,0,3,282,14,0,17,2,0,1,34,15,1,46,2,0,1,65,30,0,56,0,0,0,86,260,2,252,20,0,7,541,18,0,49,3,0,1,71,56,2,279,9,0,2,348,1007,69,1645,77,27049,362,30209
"2021M08",0,0,0,0,1158,0,1158,0,0,0,0,79,0,79,62,13,33,27,0,2,137,3,0,4,1,0,0,8,2,0,10,0,0,2,14,8,0,15,0,0,0,23,22,3,98,3,0,2,128,2,0,30,0,0,1,33,15,0,63,5,0,7,90,229,27,923,67,1237,193,2676
"2021M09",0,0,0,0,676,0,676,0,0,0,0,41,0,41,45,6,15,2,0,2,70,1,0,13,0,0,5,19,3,0,31,0,0,0,34,4,0,21,1,0,0,26,24,0,99,6,0,5,134,2,0,18,1,0,0,21,10,0,344,2,0,4,360,141,20,1358,56,717,18,2310
"2021M10",0,0,0,0,1385,0,1385,0,0,0,0,112,0,112,54,4,15,1,0,4,78,1,0,1,0,0,0,2,4,0,69,0,0,0,73,10,0,35,2,0,0,47,34,0,155,5,0,4,198,4,0,38,0,0,2,44,23,0,178,1,0,6,208,230,19,1465,67,1497,409,3687
"2021M11",0,0,0,0,2281,0,2281,0,0,0,0,128,0,128,34,4,10,6,0,0,54,8,0,5,0,0,0,13,7,0,13,0,0,1,21,7,0,23,0,0,0,30,33,0,178,7,0,6,224,5,0,49,1,0,3,58,24,0,214,3,0,4,245,294,18,1326,81,2409,1181,5309
"2021M12",0,0,0,0,3309,0,3309,0,0,0,0,253,0,253,69,10,19,5,0,2,105,9,0,11,1,0,0,21,16,0,67,0,0,1,84,21,0,34,0,0,1,56,47,0,171,5,0,1,224,7,0,42,1,0,1,51,20,0,104,0,0,6,130,413,42,1287,78,3562,779,6161
"2022M01",0,0,0,0,2028,0,2028,0,0,0,0,166,0,166,29,6,18,3,0,0,56,2,0,6,0,0,0,8,9,0,4,0,0,1,14,12,0,23,3,0,0,38,51,0,119,2,0,5,177,8,0,35,5,0,2,50,35,1,199,6,0,4,245,277,16,948,55,2194,543,4033
"2022M02",0,0,0,0,1862,0,1862,0,0,0,0,278,0,278,17,9,6,6,0,9,47,3,0,5,0,0,0,8,7,0,20,1,0,0,28,5,0,18,1,0,0,24,25,0,165,2,0,3,195,3,0,28,2,0,2,35,12,0,76,6,0,2,96,131,36,1119,63,2140,1746,5235
"2022M03",0,0,0,0,21002,0,21002,0,0,0,0,2886,0,2886,93,17,28,2,0,13,153,8,0,11,0,0,0,19,29,0,86,1,0,0,116,23,0,50,8,0,2,83,149,0,371,6,0,15,541,18,0,114,3,0,9,144,93,0,278,10,0,18,399,855,139,2147,84,23888,1511,28624
"2022M04",0,0,0,0,31472,0,31472,0,0,0,0,16709,0,16709,215,11,23,51,0,0,300,34,0,13,8,0,1,56,62,1,21,4,0,4,92,54,0,42,12,0,1,109,288,2,413,30,0,35,768,39,0,112,11,0,13,175,104,0,314,22,0,28,468,1760,90,2457,628,48181,1187,54303
"2022M05",0,0,0,0,24420,0,24420,0,0,0,0,26513,0,26513,297,19,738,37,0,5,1096,49,4,356,11,0,1,421,81,5,674,4,0,8,772,52,1,637,25,0,3,718,432,2,3072,63,0,14,3583,63,1,974,25,0,5,1068,135,2,3167,66,0,21,3391,2381,101,18110,561,50933,669,72755
"2022M06",0,0,0,0,29298,0,29298,0,0,0,0,43422,0,43422,738,109,534,45,0,2,1428,58,26,343,34,0,2,463,89,21,596,20,0,11,737,66,1,418,34,0,2,521,561,0,2211,114,0,17,2903,64,3,681,28,0,5,781,214,4,3644,114,0,30,4006,3368,280,17131,763,72720,386,94648
"2022M07",0,0,0,0,32954,0,32954,0,0,0,0,66165,0,66165,1311,300,609,51,0,11,2282,81,52,1275,24,0,5,1437,105,60,1561,33,0,7,1766,135,95,736,66,0,1,1033,765,1,3572,119,0,28,4485,72,9,931,20,0,8,1040,253,22,5766,170,0,26,6237,4866,1018,27844,916,99119,412,134175
"2022M08",0,0,0,0,29990,0,29990,0,0,0,0,64125,0,64125,1486,86,802,83,0,6,2463,84,23,1494,36,0,3,1640,91,9,890,59,0,4,1053,118,4,809,132,0,1,1064,803,2,3305,130,0,19,4259,110,2,1180,27,0,5,1324,252,20,5210,112,0,18,5612,5143,415,28295,1455,94115,330,129753
"2022M09",0,0,0,0,30753,0,30753,0,0,0,0,74812,0,74812,1510,190,1365,93,0,7,3165,77,39,1171,64,0,2,1353,110,40,1095,56,0,8,1309,92,15,1312,463,0,2,1884,906,4,4699,437,0,25,6071,73,1,1336,88,0,12,1510,227,13,6797,238,0,33,7308,5340,677,35829,3126,105565,733,151270
"2022M10",0,0,0,0,29427,0,29427,0,0,0,0,59933,0,59933,1415,228,1853,213,0,6,3715,67,46,1147,52,0,1,1313,105,31,1482,40,0,10,1668,124,13,3652,831,0,2,4622,855,6,8678,644,0,31,10214,90,9,2411,119,0,6,2635,233,11,12890,269,0,48,13451,5004,796,60253,4157,89360,2066,161636
"2022M11",0,0,0,0,35838,0,35838,0,0,0,0,75293,0,75293,1508,168,3113,262,0,7,5058,88,18,2040,55,0,2,2203,136,15,2887,34,0,11,3083,171,6,5792,714,0,2,6685,1133,2,14218,601,0,24,15978,141,6,5263,166,0,17,5593,391,13,23200,366,0,49,24019,6550,748,106081,4757,111131,3417,232684
"2022M12",0,0,0,0,88032,0,88032,0,0,0,0,106022,0,106022,2505,139,4687,233,0,14,7578,182,10,2921,48,0,10,3171,199,10,4502,45,0,10,4766,309,25,7561,358,0,4,8257,1621,10,28650,373,0,92,30746,208,2,7344,116,0,30,7700,678,27,33267,270,0,118,34360,9919,648,155656,3273,194054,1166,364716
"2023M01",0,0,0,0,35015,0,35015,0,0,0,0,84298,0,84298,2404,258,3628,316,0,26,6632,92,299,2624,72,0,3,3090,110,140,4968,67,0,8,5293,181,405,8329,507,0,6,9428,955,23,25198,535,0,35,26746,106,47,8357,184,0,13,8707,383,188,38745,478,0,73,39867,6779,2434,134467,4632,119313,673,268298
"2023M02",0,0,0,0,35776,0,35776,0,0,0,0,71691,0,71691,868,1088,2832,349,0,24,5161,76,294,5035,58,0,4,5467,79,133,5498,54,0,11,5775,118,96,9249,449,0,2,9914,533,42,27280,510,0,52,28417,79,107,9234,174,0,18,9612,261,776,36603,428,0,29,38097,4148,4204,145563,5168,107467,2154,268704
"2023M03",0,0,0,0,37999,0,37999,0,0,0,0,77321,0,77321,1019,391,6140,540,0,20,8110,113,127,5407,68,0,5,5720,150,23,4731,84,0,6,4994,151,6,6272,355,0,0,6784,1125,2,16714,348,0,41,18230,124,5,7121,103,0,21,7374,374,32,35580,356,0,29,36371,6206,1486,134345,5517,115320,3257,266131
"2023M04",0,0,0,0,35427,0,35427,0,0,0,0,75046,0,75046,1661,359,10448,572,0,18,13058,108,316,2598,117,0,2,3141,163,89,4325,45,0,4,4626,165,31,2826,213,0,6,3241,934,20,8726,280,0,40,10000,97,34,3498,90,0,11,3730,302,273,17028,222,0,31,17856,6960,1986,96340,4332,110473,1180,221271
"2023M05",0,0,0,0,27804,0,27804,0,0,0,0,48009,0,48009,905,194,7945,481,0,23,9548,91,30,2349,98,0,4,2572,117,34,3763,72,0,4,3990,87,11,1275,237,0,1,1611,680,4,3859,404,0,16,4963,86,7,2082,143,0,13,2331,234,42,12121,302,0,26,12725,4861,945,72515,4658,75813,1543,160335
"2023M06",0,0,0,0,30688,0,30688,0,0,0,0,65694,0,65694,1719,292,8173,453,0,22,10659,98,65,2067,127,0,2,2359,120,31,2745,63,0,5,2964,83,32,1000,233,0,0,1348,717,8,3158,552,0,18,4453,70,14,1588,106,0,15,1793,240,239,13811,368,0,27,14685,6017,1554,68511,4900,96382,1062,178426
"2023M07",0,0,0,0,30374,0,30374,0,0,0,0,75112,0,75112,2013,1061,13966,394,0,38,17472,120,153,4737,131,0,5,5146,148,155,3800,124,0,6,4233,136,412,1619,291,0,5,2463,854,39,5301,385,0,43,6622,107,63,1905,112,0,11,2198,345,465,25572,390,0,24,26796,6710,4141,92593,4221,105486,655,213806
"2023M08",0,0,0,0,30716,0,30716,0,0,0,0,72555,0,72555,1579,296,14436,538,0,34,16883,121,168,6538,127,0,6,6960,108,38,3253,88,0,5,3492,130,13,1651,408,0,3,2205,941,7,5165,380,0,16,6509,81,7,1917,82,0,5,2092,345,47,15533,294,0,24,16243,6435,1376,90594,4736,103271,371,206783
"2023M09",0,0,0,0,33297,0,33297,0,0,0,0,86936,0,86936,1794,309,18855,576,0,32,21566,119,152,3419,140,0,4,3834,200,41,4748,61,0,6,5056,103,30,2176,843,0,3,3155,889,9,5394,668,0,14,6974,112,8,2028,153,0,7,2308,291,146,10658,315,0,20,11430,6912,1713,89066,6480,120233,505,224909
"2023M10",0,0,0,0,31790,0,31790,0,0,0,0,67294,0,67294,1155,303,15772,545,0,27,17802,102,92,2777,154,0,2,3127,129,41,5441,104,0,9,5724,132,47,5323,979,0,6,6487,933,10,9761,880,0,25,11609,112,15,3755,189,0,8,4079,272,63,19128,463,0,72,19998,5705,1352,109926,7035,99084,2877,225979
"2023M11",0,0,0,0,37257,0,37257,0,0,0,0,80359,0,80359,1470,154,20804,479,0,25,22932,128,43,5040,112,0,0,5323,170,18,8382,54,0,3,8627,181,22,7923,929,0,4,9059,1186,6,15242,753,0,29,17216,152,10,6582,224,0,17,6985,458,89,35635,433,0,31,36646,7225,972,167425,6521,117616,3670,303429
"2023M12",0,0,0,0,79245,0,79245,0,0,0,0,103222,0,103222,2469,159,19802,321,0,44,22795,187,20,6240,105,0,9,6561,267,25,9347,67,0,6,9712,325,28,10887,419,0,4,11663,1633,16,25816,494,0,106,28065,225,16,8154,157,0,29,8581,768,40,47137,291,0,71,48307,11208,960,219013,4363,182467,858,418869
"2024M01",0,0,0,0,38592,0,38592,0,0,0,0,85496,0,85496,2159,698,19518,336,0,34,22745,138,572,4729,198,0,8,5645,180,230,10121,52,0,9,10592,204,464,9784,742,0,5,11199,1108,28,25939,823,0,36,27934,137,77,8951,268,0,8,9441,566,233,48662,507,0,77,50045,7941,3757,183443,6427,124088,771,326427
"2024M02",0,0,0,0,39933,0,39933,0,0,0,0,78182,0,78182,1915,1166,35879,394,0,40,39394,159,201,8310,164,0,4,8838,191,110,9883,100,0,9,10293,206,89,12231,450,0,3,12979,1230,36,27819,547,0,27,29659,158,112,10885,163,0,21,11339,460,899,54344,383,0,37,56123,7345,4558,224700,5354,118115,2764,362836
"2024M03",0,0,0,0,46655,0,46655,0,0,0,0,91492,0,91492,1743,310,17573,375,0,33,20034,162,95,7702,187,0,9,8155,210,35,8296,85,0,5,8631,232,7,8278,320,0,8,8845,1292,2,19768,353,0,57,21472,154,3,8682,112,0,23,8974,487,20,50581,285,0,54,51427,7857,1174,184922,4274,138147,3932,340306
"2024M04",0,0,0,0,31959,0,31959,0,0,0,0,69527,0,69527,1805,382,21404,255,0,21,23867,114,394,3072,170,0,6,3756,129,68,3986,53,0,7,4243,109,67,2651,277,0,1,3105,787,21,7910,378,0,20,9116,96,39,3180,110,0,5,3430,281,435,17329,355,0,62,18462,6418,2309,109711,4038,101486,1062,225024
"2024M05",0,0,0,0,31132,0,31132,0,0,0,0,52093,0,52093,1242,193,13818,238,0,19,15510,99,48,3081,167,0,2,3397,105,20,3563,44,0,5,3737,93,6,1401,239,0,3,1742,663,9,4151,362,0,16,5201,78,3,1939,118,0,12,2150,252,64,13089,265,0,31,13701,5375,992,84797,3739,83225,1537,179665
"2024M06",0,0,0,0,31531,0,31531,0,0,0,0,64945,0,64945,1785,282,13329,299,0,27,15722,96,59,2747,164,0,0,3066,156,31,3026,85,0,3,3301,102,40,1017,188,0,1,1348,626,14,3291,435,0,12,4378,88,27,1577,120,0,6,1818,310,316,14773,341,0,16,15756,5965,1565,76772,3499,96476,1017,185294
"Table information:"
"Units:"
"Number, Magnitude = Units"
""
"Footnotes:"
"Data is derived from a sample of records and hence may contain sample error. Caution should be used when using data with low cell values."
"Visitor arrivals are overseas residents arriving in New Zealand for a stay of less than 12 months."
"The United Kingdom also includes the Channel Islands and the Isle of Man."
"New Zealand and Australian citizens do not have to apply for a visa to enter and stay in New Zealand."
"For detailed metadata about countries used in International Travel and Migration statistics, see DataInfo+. http://ow.ly/Mm9ba"
"The country of citizenship is the country which issued the passenger's passport"
"New Zealand and Australian citizens do not have to apply for a visa to enter and stay in New Zealand."
" "
"Symbols:"
".. figure not available"
"C: Confidential"
"E: Early Estimate"
"P: Provisional"
"R: Revised"
"S: Suppressed"
""
"Status flags are not displayed"
""
"Table reference: "
"ITM388AA"
""
"Last updated:"
"13 August 2024 10:45am"
""
"Source: Statistics New Zealand"
"Contact: Information Centre"
"Telephone: 0508 525 525"
"Email:info@stats.govt.nz"
""
""
""
